date,nav
2017-01-25,9961468.235839998
2017-01-26,10022233.43584
2017-01-27,10002504.42584
2017-02-01,9995077.125840003
2017-02-02,9912417.74584
2017-02-03,9957453.10584
2017-02-06,10103482.485839998
2017-02-07,10088965.76584
2017-02-08,10188881.48584
2017-02-09,10248254.625839999
2017-02-10,10253707.535840001
2017-02-13,10342776.555839997
2017-02-14,10415911.115839997
2017-02-15,10514095.595840001
2017-02-16,10498719.675839998
2017-02-17,10401248.815839998
2017-02-20,10485729.925839998
2017-02-21,10436692.445840001
2017-02-22,10568114.435839998
2017-02-23,10590175.395839998
2017-02-24,10499469.73584
2017-02-27,10462587.935839998
2017-02-28,10459040.005840002
2017-03-01,10474786.442639997
2017-03-02,10512475.142639998
2017-03-03,10434789.24264
2017-03-06,10432381.00264
2017-03-07,10481720.03264
2017-03-08,10521279.452639997
2017-03-09,10421250.29264
2017-03-10,10470492.16264
2017-03-13,10651688.13264
2017-03-14,10669945.262639998
2017-03-15,10684954.30264
2017-03-16,10821359.812639998
2017-03-17,10824672.96264
2017-03-20,10881908.512640001
2017-03-21,10884115.682640003
2017-03-22,10801915.82264
2017-03-23,10825650.932639996
2017-03-24,10812906.402639998
2017-03-27,10707154.122639999
2017-03-28,10803289.732639996
2017-03-29,10782550.382639999
2017-03-30,10695129.249919998
2017-03-31,10633299.809919996
2017-04-03,10791898.459919998
2017-04-05,10852331.569919998
2017-04-06,10798990.05992
2017-04-07,10856900.449919997
2017-04-10,10781751.269919999
2017-04-11,10678821.889919996
2017-04-12,10694251.149919998
2017-04-13,10718878.959919998
2017-04-18,10527013.80992
2017-04-19,10500164.38992
2017-04-20,10606987.20992
2017-04-21,10615572.479920002
2017-04-24,10596652.059920002
2017-04-25,10727814.95992
2017-04-26,10766053.03992
2017-04-27,10712575.13992
2017-04-28,10713527.03992
2017-05-02,10707066.373839999
2017-05-04,10567675.663839998
2017-05-05,10412295.823839998
2017-05-08,10453089.27384
2017-05-09,10578447.783839999
2017-05-10,10594790.79384
2017-05-11,10614883.133839998
2017-05-12,10580982.38384
2017-05-15,10558211.873839999
2017-05-16,10621814.683840001
2017-05-17,10630652.193840003
2017-05-18,10510548.09384
2017-05-19,10584488.673839998
2017-05-22,10708397.193839999
2017-05-23,10732978.453839997
2017-05-24,10764125.703839999
2017-05-25,10884044.24384
2017-05-26,10913539.733839996
2017-05-29,11028452.463839997
2017-05-31,11047524.99384
2017-06-01,11008344.717719998
2017-06-02,11066288.127720002
2017-06-05,11117012.16772
2017-06-06,11201145.68772
2017-06-07,11240029.277719997
2017-06-08,11350640.79772
2017-06-09,11264301.04772
2017-06-12,11114466.697719999
2017-06-13,11246614.797719998
2017-06-14,11304513.52772
2017-06-15,11170353.667720001
2017-06-16,11222506.847719997
2017-06-19,11306354.707719998
2017-06-20,11344725.17772
2017-06-21,11404027.58772
2017-06-22,11370054.217720002
2017-06-23,11366679.57772
2017-06-26,11448636.69772
2017-06-27,11462621.00772
2017-06-28,11365634.207720002
2017-06-29,11497244.727720002
2017-06-30,11493794.917719997
2017-07-03,11555825.021879997
2017-07-04,11424872.811879998
2017-07-05,11458063.761879994
2017-07-06,11594201.091879994
2017-07-07,11605652.421879994
2017-07-10,11639506.981879996
2017-07-11,11728700.711879997
2017-07-12,11709562.561879992
2017-07-13,11910941.131879995
2017-07-14,11917500.641879996
2017-07-17,11879466.021879995
2017-07-18,11866945.041879995
2017-07-19,12037220.751879998
2017-07-20,12125529.701879995
2017-07-21,12072901.141879994
2017-07-24,12126816.191879995
2017-07-25,12099146.101879993
2017-07-26,12042009.001879994
2017-07-27,12125432.001879996
2017-07-28,12058015.961879995
2017-07-31,12152131.141879994
2017-08-01,12022437.39944
2017-08-02,12079194.889439998
2017-08-03,12040543.779439997
2017-08-04,12059583.959439998
2017-08-07,12119973.879439998
2017-08-08,12242007.349439997
2017-08-09,12258940.349440001
2017-08-10,12064353.769439999
2017-08-11,11655566.359440003
2017-08-14,11804498.649440002
2017-08-15,11755983.879439998
2017-08-16,11833890.879439997
2017-08-17,11853076.42944
2017-08-18,11747808.189439999
2017-08-21,11852666.22944
2017-08-22,11958551.109439999
2017-08-24,11980657.13944
2017-08-25,12081834.21944
2017-08-28,12071369.049439995
2017-08-29,12027911.049439996
2017-08-30,12167511.859439999
2017-08-31,12274227.12944
2017-09-01,12288251.558799997
2017-09-04,12266263.8188
2017-09-05,12329512.778800001
2017-09-06,12287126.108799998
2017-09-07,12324676.8188
2017-09-08,12390413.198800001
2017-09-11,12482169.868800001
2017-09-12,12554378.948799998
2017-09-13,12631141.948800001
2017-09-14,12687067.508800002
2017-09-15,12639223.208800001
2017-09-18,12799858.428799998
2017-09-19,12729790.1288
2017-09-20,12793402.028799998
2017-09-21,12868935.788799997
2017-09-22,12732231.658799998
2017-09-25,12297883.7488
2017-09-26,12286291.9688
2017-09-27,12401112.578799997
2017-09-28,12200774.94024
2017-09-29,12378959.36024
2017-10-03,12666296.340240002
2017-10-04,12760391.300239999
2017-10-06,12905151.03024
2017-10-09,12822613.230240002
2017-10-10,12928099.470240002
2017-10-11,12769418.790239997
2017-10-12,12907614.620240005
2017-10-13,12860886.62024
2017-10-16,12952055.430239998
2017-10-17,12926899.930240002
2017-10-18,13029836.740239998
2017-10-19,12756563.43024
2017-10-20,13047617.38024
2017-10-23,13086415.680240002
2017-10-24,13018016.14024
2017-10-25,13152412.44024
2017-10-26,13068285.980239999
2017-10-27,12871769.530239996
2017-10-30,12823187.640239997
2017-10-31,12991315.610240001
2017-11-01,13016489.50288
2017-11-02,13003012.82288
2017-11-03,12980667.992879994
2017-11-06,12945274.662879996
2017-11-07,13072211.202879999
2017-11-08,13015161.21288
2017-11-09,13134742.012879997
2017-11-10,13106215.032879997
2017-11-13,13081643.662879996
2017-11-14,13097106.78288
2017-11-15,12955546.222879995
2017-11-16,12954238.242879998
2017-11-17,12929317.882879999
2017-11-20,12908747.882880002
2017-11-21,13163634.782879997
2017-11-22,13218101.19288
2017-11-23,13057873.50288
2017-11-24,13145226.992880002
2017-11-27,12960464.202879999
2017-11-28,12968217.542879999
2017-11-29,13064049.492879998
2017-11-30,12819629.152879994
2017-12-01,12762304.425080001
2017-12-04,12854121.395079998
2017-12-05,12772543.565080004
2017-12-06,12400536.435080001
2017-12-07,12351865.405079998
2017-12-08,12638109.215079999
2017-12-11,12764589.63508
2017-12-12,12667339.47508
2017-12-13,12807676.255080001
2017-12-14,12909405.375079999
2017-12-15,12763071.435080003
2017-12-18,12752735.155079998
2017-12-19,12839260.15508
2017-12-20,12792498.17508
2017-12-21,12900439.46508
2017-12-22,12960290.675079996
2017-12-27,13040754.69508
2017-12-28,13209491.40508
2017-12-29,13175320.425080001
2018-01-02,13420545.753640002
2018-01-03,13482864.99364
2018-01-04,13538789.643639997
2018-01-05,13763234.263639998
2018-01-08,13881001.873640003
2018-01-09,13928793.45364
2018-01-10,14044275.83364
2018-01-11,13976568.12364
2018-01-12,14032633.70364
2018-01-15,13932840.593640001
2018-01-16,14217740.853640001
2018-01-17,14127693.65364
2018-01-18,14073164.443640001
2018-01-19,14319613.373640003
2018-01-22,14522233.21364
2018-01-23,14654239.053639999
2018-01-24,14722290.463640003
2018-01-25,14616692.503640002
2018-01-26,14775557.353640001
2018-01-29,14650939.29364
2018-01-30,14506122.163640002
2018-01-31,14603181.53364
2018-02-01,14438236.66692
2018-02-02,14474891.286920002
2018-02-05,14225236.116919998
2018-02-06,13438743.26692
2018-02-07,13325348.266919998
2018-02-08,13388267.116920002
2018-02-09,12946471.506919999
2018-02-12,13010799.19692
2018-02-13,13208019.136920003
2018-02-14,13432325.526920002
2018-02-15,13610998.756920002
2018-02-20,13670242.276920004
2018-02-21,13871666.10692
2018-02-22,13797317.74692
2018-02-23,13974065.106919996
2018-02-26,14093754.856920004
2018-02-27,13887273.96692
2018-02-28,13829657.196919998
2018-03-01,13805992.437040003
2018-03-02,13644956.887040002
2018-03-05,13341984.22704
2018-03-06,13630465.467040002
2018-03-07,13505608.05704
2018-03-08,13681026.247040002
2018-03-09,13892544.697039999
2018-03-12,14152096.79704
2018-03-13,14142008.047040002
2018-03-14,14057976.867040003
2018-03-15,14132936.917040002
2018-03-16,14212524.487040004
2018-03-19,14077010.277040005
2018-03-20,14120345.857040001
2018-03-21,14014050.787040003
2018-03-22,13905790.467040004
2018-03-23,13541319.517040003
2018-03-26,13576204.297040004
2018-03-27,13699108.347040001
2018-03-28,13411043.317040004
2018-03-29,13536020.527040003
2018-04-03,13478595.129120002
2018-04-04,13372967.889120005
2018-04-06,13570848.389120001
2018-04-09,13665066.379120007
2018-04-10,13923536.259120006
2018-04-11,13914033.379120003
2018-04-12,13947931.119120006
2018-04-13,13985823.699120002
2018-04-16,13775786.50912
2018-04-17,13538885.579120003
2018-04-18,13581380.739120003
2018-04-19,13686495.009120004
2018-04-20,13492558.769120006
2018-04-23,13384547.469120005
2018-04-24,13679753.289120004
2018-04-25,13688812.74912
2018-04-26,13434044.47312
2018-04-27,13560425.583120001
2018-04-30,13740373.823120004
2018-05-02,13760630.73312
2018-05-03,13628724.06312
2018-05-04,13542418.773120003
2018-05-07,13613525.063119998
2018-05-08,13783796.133120002
2018-05-09,13814933.193120005
2018-05-10,13904754.993119998
2018-05-11,13990138.913120002
2018-05-14,14164733.75312
2018-05-15,14138992.59312
2018-05-16,14066754.45312
2018-05-17,13978312.373120002
2018-05-18,14068668.29312
2018-05-21,14023150.44312
2018-05-23,13912588.77312
2018-05-24,13938913.493120002
2018-05-25,13932020.10312
2018-05-28,14087002.003120003
2018-05-29,13932164.633119998
2018-05-30,13725505.373120002
2018-05-31,14023085.933119997
2018-06-01,13977169.316400005
2018-06-04,14114654.506400004
2018-06-05,14095728.296400003
2018-06-06,14141043.936400007
2018-06-07,14187586.306400007
2018-06-08,14053172.256400002
2018-06-11,14069875.5064
2018-06-12,14194360.856400007
2018-06-13,14124193.026400005
2018-06-14,14062369.336400006
2018-06-15,13962545.216400003
2018-06-19,13518608.216400001
2018-06-20,13643182.056400005
2018-06-21,13580653.136400003
2018-06-22,13570456.476400005
2018-06-25,13404683.316400003
2018-06-26,13236706.896400005
2018-06-27,12991856.846400004
2018-06-28,12909904.816400005
2018-06-29,13266412.866400003
2018-07-03,12991044.266720006
2018-07-04,12757597.206720006
2018-07-05,12692141.156720007
2018-07-06,12783334.306720005
2018-07-09,13102419.386720007
2018-07-10,13094572.676720006
2018-07-11,12917654.716720007
2018-07-12,13045293.126720006
2018-07-13,13124223.926720006
2018-07-16,13106978.366720006
2018-07-17,12976293.016720003
2018-07-18,12975128.196720006
2018-07-19,12928489.536720004
2018-07-20,13004181.056720003
2018-07-23,13003175.866720006
2018-07-24,13101947.516720004
2018-07-25,13285732.126720008
2018-07-26,13300418.516720004
2018-07-27,13314312.776720008
2018-07-30,13174501.856720006
2018-07-31,13152006.886720007
2018-08-01,12995092.577040005
2018-08-02,12737220.907040004
2018-08-03,12573413.077040005
2018-08-06,12480370.977040008
2018-08-07,12708693.777040007
2018-08-08,12800883.237040002
2018-08-09,12884058.717040006
2018-08-10,12858168.347040005
2018-08-13,12661606.337040005
2018-08-14,12598446.137040002
2018-08-15,12263923.107040007
2018-08-16,12246417.617040003
2018-08-17,12201813.487040004
2018-08-20,12420728.567040002
2018-08-21,12649472.487040006
2018-08-22,12652622.817040006
2018-08-23,12627218.557040008
2018-08-24,12538395.777040003
2018-08-27,12716984.117040005
2018-08-28,12662231.607040009
2018-08-29,12747520.137040006
2018-08-30,12615389.817040006
2018-08-31,12524632.747040004
2018-09-03,12360895.007920004
2018-09-04,12499934.517920006
2018-09-05,12260347.287920006
2018-09-06,12166223.887920003
2018-09-07,12117282.797920005
2018-09-10,11994924.237920005
2018-09-11,11925237.567920005
2018-09-12,11852487.297920005
2018-09-13,12076218.627920004
2018-09-14,12210618.497920008
2018-09-17,12008503.187920008
2018-09-18,12187100.197920008
2018-09-19,12360442.867920004
2018-09-20,12413938.137920002
2018-09-21,12635150.497920007
2018-09-24,12383151.517920006
2018-09-26,12498174.087920005
2018-09-27,12431637.010760004
2018-09-28,12521022.950760007
2018-10-02,12367474.730760004
2018-10-03,12396861.130760007
2018-10-04,12247731.060760003
2018-10-05,12155192.210760001
2018-10-08,11922748.000760002
2018-10-09,11920372.610760005
2018-10-10,11910924.260760006
2018-10-11,11437263.460760003
2018-10-12,11581930.560760003
2018-10-15,11422779.830760004
2018-10-16,11380605.440760005
2018-10-18,11414527.050760005
2018-10-19,11410835.910760006
2018-10-22,11664197.380760007
2018-10-23,11314780.190760003
2018-10-24,11294099.630760001
2018-10-25,11124502.120760003
2018-10-26,10992939.130760005
2018-10-29,10862836.760760004
2018-10-30,10825799.780760005
2018-10-31,11058141.510760002
2018-11-01,11207329.596560003
2018-11-02,11560901.596560005
2018-11-05,11390504.426560003
2018-11-06,11515923.356560005
2018-11-07,11557863.076560007
2018-11-08,11579266.566560006
2018-11-09,11445655.436560003
2018-11-12,11434368.336560007
2018-11-13,11518689.996560002
2018-11-14,11409021.566560006
2018-11-15,11532779.636560004
2018-11-16,11544230.256560005
2018-11-19,11597542.096560005
2018-11-20,11422069.116560007
2018-11-21,11410868.986560002
2018-11-22,11429522.906560006
2018-11-23,11347854.216560006
2018-11-26,11424887.956560003
2018-11-27,11318001.386560004
2018-11-28,11417593.966560004
2018-11-29,11408101.886560002
2018-11-30,11425324.616560007
2018-12-03,11618944.271680005
2018-12-04,11635657.501680005
2018-12-05,11518072.581680004
2018-12-06,11275545.971680004
2018-12-07,11240870.541680003
2018-12-10,11112951.271680001
2018-12-11,11115390.97168
2018-12-12,11203813.371680003
2018-12-13,11384197.111680003
2018-12-14,11294141.271680003
2018-12-17,11183064.541680003
2018-12-18,11081455.931680003
2018-12-19,11058447.121679999
2018-12-20,10988688.321680006
2018-12-21,10844030.601680007
2018-12-24,10797677.151680004
2018-12-27,10695249.767480005
2018-12-28,10750410.60748
2018-12-31,10868815.597480005
2019-01-02,10601073.367480002
2019-01-03,10539850.497480001
2019-01-04,10708755.017480003
2019-01-07,10781554.52748
2019-01-08,10806928.067480003
2019-01-09,10894621.227480004
2019-01-10,10917123.927480005
2019-01-11,11024034.287480002
2019-01-14,10944358.807480006
2019-01-15,11103204.207480006
2019-01-16,11145862.517480003
2019-01-17,10875828.177480005
2019-01-18,10959062.007480003
2019-01-21,11008576.487480002
2019-01-22,10918040.677480005
2019-01-23,10926647.307480006
2019-01-24,11048462.037480004
2019-01-25,11116127.537480002
2019-01-28,11073279.457480006
2019-01-29,11084128.217480006
2019-01-30,11117577.957480004
2019-01-31,11128375.069520004
2019-02-01,11218100.439520005
2019-02-04,11259933.989520004
2019-02-08,11273251.449520005
2019-02-11,11311573.129520003
2019-02-12,11369262.379520006
2019-02-13,11550705.559520006
2019-02-14,11549896.059520004
2019-02-15,11372564.879520005
2019-02-18,11533763.479520004
2019-02-19,11534929.569520004
2019-02-20,11753276.699520005
2019-02-21,11810472.839520006
2019-02-22,11872517.799520003
2019-02-25,11803569.609520003
2019-02-26,11667619.699520007
2019-02-27,11679737.539520005
2019-02-28,11584295.989520004
2019-03-01,11711325.803440006
2019-03-04,11883512.583440006
2019-03-05,11918025.363440005
2019-03-06,11933716.613440005
2019-03-07,11875318.39344001
2019-03-08,11616250.293440007
2019-03-11,11756766.993440004
2019-03-12,11912409.33344001
2019-03-13,11885522.383440007
2019-03-14,11827341.923440007
2019-03-15,11893327.383440005
2019-03-18,12049714.92344001
2019-03-19,12084647.663440008
2019-03-20,12028970.813440008
2019-03-21,11929680.413440008
2019-03-22,11983964.683440004
2019-03-25,11761053.113440007
2019-03-26,11805070.583440004
2019-03-27,11925784.693440005
2019-03-28,11977488.633440008
2019-03-29,12059221.483440004
2019-04-01,12194748.237920007
2019-04-02,12275155.867920004
2019-04-03,12379272.667920008
2019-04-04,12297598.437920004
2019-04-08,12418988.537920004
2019-04-09,12506005.707920006
2019-04-10,12518501.907920005
2019-04-11,12354959.777920006
2019-04-12,12399440.647920005
2019-04-15,12411971.827920005
2019-04-16,12445067.247920007
2019-04-17,12419485.427920006
2019-04-18,12445449.267920006
2019-04-23,12353526.077920007
2019-04-24,12359162.457920004
2019-04-25,12188085.667920006
2019-04-26,12208724.957920006
2019-04-29,12192998.059040008
2019-04-30,12130261.149040006
2019-05-02,12213879.799040005
2019-05-03,12251422.139040006
2019-05-06,11813579.309040006
2019-05-07,11922536.979040002
2019-05-08,11712835.939040005
2019-05-09,11424790.009040006
2019-05-10,11615345.269040003
2019-05-14,11384386.79904
2019-05-15,11500938.919040004
2019-05-16,11544182.649040002
2019-05-17,11300257.199040005
2019-05-20,11155219.369040005
2019-05-21,11204766.159040004
2019-05-22,11213110.919040006
2019-05-23,11028359.449040001
2019-05-24,11088467.099040005
2019-05-27,11103371.119040003
2019-05-28,11236366.219040005
2019-05-29,11239319.369040003
2019-05-30,11228034.809040004
2019-05-31,11258897.099040003
2019-06-03,11209507.371000005
2019-06-04,11135965.341000002
2019-06-05,11205189.771000003
2019-06-06,11194108.791000005
2019-06-10,11479099.161000004
2019-06-11,11680493.031000005
2019-06-12,11538728.720999999
2019-06-13,11629188.511000002
2019-06-14,11523827.401000004
2019-06-17,11465679.191000002
2019-06-18,11538575.641000003
2019-06-19,11772670.071000006
2019-06-20,11904512.831000004
2019-06-21,11921978.701000005
2019-06-24,11942120.021000005
2019-06-25,11972396.841000006
2019-06-26,12012810.631000005
2019-06-27,12190435.231000004
2019-06-28,12150258.851000002
2019-07-02,12280023.550040005
2019-07-03,12270940.700040003
2019-07-04,12281990.660040004
2019-07-05,12299656.500040006
2019-07-08,12144943.660040008
2019-07-09,12092079.140040008
2019-07-10,12164995.17004001
2019-07-11,12260181.830040006
2019-07-12,12252844.680040004
2019-07-15,12245090.010040006
2019-07-16,12257344.360040007
2019-07-17,12269028.480040003
2019-07-18,12228045.710040005
2019-07-19,12289814.800040003
2019-07-22,12140940.350040006
2019-07-23,12152246.710040001
2019-07-24,12122452.450040005
2019-07-25,12206343.040040005
2019-07-26,12119202.920040004
2019-07-29,12053187.16004
2019-07-30,12095558.47004001
2019-07-31,11965683.650040006
2019-08-01,11797560.995360006
2019-08-02,11530598.505360002
2019-08-05,11221401.455360007
2019-08-06,11084704.61536
2019-08-07,11170583.385360004
2019-08-08,11296966.685360005
2019-08-09,11180642.435360003
2019-08-12,11154049.695360003
2019-08-13,10914169.475360004
2019-08-14,10922763.735360006
2019-08-15,10970058.30536
2019-08-16,11131597.285360001
2019-08-19,11317718.865360007
2019-08-20,11342482.785360005
2019-08-21,11414657.175360002
2019-08-22,11324053.745360004
2019-08-23,11375896.425360002
2019-08-26,11128403.765360005
2019-08-27,11202736.695360005
2019-08-28,11230035.065360002
2019-08-29,11266021.065360002
2019-08-30,11288404.075360002
2019-09-02,11292086.765080003
2019-09-03,11183570.335080003
2019-09-04,11396677.44508
2019-09-05,11557798.73508
2019-09-06,11618094.595080001
2019-09-09,11614651.91508
2019-09-10,11643103.645080004
2019-09-11,11702171.275080003
2019-09-12,11750095.185080001
2019-09-13,11886300.905080002
2019-09-16,11850123.085080003
2019-09-17,11745266.925080003
2019-09-18,11767695.59508
2019-09-19,11622713.205080004
2019-09-20,11600350.11508
2019-09-23,11492084.665080002
2019-09-24,11429889.715080002
2019-09-25,11352888.405080006
2019-09-26,11391577.045080004
2019-09-27,11337500.340920003
2019-09-30,11380332.910920002
2019-10-01,11380332.910920002
2019-10-02,11375443.60092
2019-10-03,11410558.630920002
2019-10-04,11406634.640920004
2019-10-07,11406634.640920004
2019-10-08,11461091.800920002
2019-10-09,11450973.49092
2019-10-10,11564679.710919999
2019-10-11,11694529.51092
2019-10-14,11786428.330920005
2019-10-15,11814765.510920001
2019-10-16,11865808.600920003
2019-10-17,11915951.580920001
2019-10-18,11865198.730920004
2019-10-21,11908516.330920001
2019-10-22,11839081.95092
2019-10-23,11754448.050920004
2019-10-24,11794668.680920005
2019-10-25,11868545.290920002
2019-10-28,11958231.900919996
2019-10-29,11917739.920920001
2019-10-30,11902238.400920006
2019-10-31,11943351.240920002
2019-11-01,12006765.987560002
2019-11-04,12249464.267560007
2019-11-05,12305345.337560002
2019-11-06,12336595.747560004
2019-11-07,12384662.377560006
2019-11-08,12360045.267560003
2019-11-11,12090515.117560003
2019-11-12,12169574.37756
2019-11-13,12083386.457560003
2019-11-14,11926079.907560002
2019-11-15,11904707.207560003
2019-11-18,11994858.407560004
2019-11-19,12181070.66756
2019-11-20,12156851.48756
2019-11-21,11967263.717560004
2019-11-22,11988245.497560002
2019-11-25,12045325.537560005
2019-11-26,11998629.757560005
2019-11-27,12041749.48756
2019-11-28,11979094.447560003
2019-11-29,11809844.867560005
2019-12-02,11800399.05436
2019-12-03,11844488.704359999
2019-12-04,11746944.85436
2019-12-05,11857726.184360001
2019-12-06,11894637.01436
2019-12-09,11872112.304359999
2019-12-10,11804312.264359998
2019-12-11,11852863.45436
2019-12-12,12014473.594359994
2019-12-13,12249871.264360003
2019-12-16,12289091.164359998
2019-12-17,12449100.90436
2019-12-18,12442020.49436
2019-12-19,12458634.624359999
2019-12-20,12415116.07436
2019-12-23,12411835.244360002
2019-12-24,12410210.73436
2019-12-25,12410210.73436
2019-12-26,12410210.73436
2019-12-27,12540569.254359998
2019-12-30,12561421.944360001
2019-12-31,12541719.214359999
2020-01-02,12733443.164359996
2020-01-03,12669227.474359997
2020-01-06,12543821.90436
2020-01-07,12615323.02436
2020-01-08,12514056.17436
2020-01-09,12725936.844360001
2020-01-10,12717716.674360003
2020-01-13,12765439.714359999
2020-01-14,12837684.154359998
2020-01-15,12813171.164359998
2020-01-16,12906460.48436
2020-01-17,12937391.99436
2020-01-20,12799466.884360004
2020-01-21,12436873.384360002
2020-01-22,12547290.56964
2020-01-23,12227984.64964
2020-01-24,12269504.449639998
2020-01-29,11815295.69964
2020-01-30,11447719.249639997
2020-01-31,11391099.829639997
2020-02-03,11393536.829639997
2020-02-04,11634904.489639996
2020-02-05,11707121.379639998
2020-02-06,11919636.26964
2020-02-07,11856360.24964
2020-02-10,11871110.319640001
2020-02-11,11930475.759639999
2020-02-12,12054239.569639998
2020-02-13,12035985.419639997
2020-02-14,12100231.53964
2020-02-17,12186239.569640001
2020-02-18,12032693.849639997
2020-02-19,12097258.259639997
2020-02-20,12087325.039639998
2020-02-21,11935940.019639999
2020-02-24,11751654.34964
2020-02-25,11700873.139639998
2020-02-26,11616686.81964
2020-02-27,11673134.629639998
2020-02-28,11393094.47964
2020-03-02,11627007.686119998
2020-03-03,11583912.526119998
2020-03-04,11703047.986119999
2020-03-05,11909079.356119998
2020-03-06,11650033.976119997
2020-03-09,11191759.33612
2020-03-10,11329706.516119998
2020-03-11,11325644.286119998
2020-03-12,10881449.15612
2020-03-13,10752207.016119998
2020-03-16,10108772.746120002
2020-03-17,9935519.416119998
2020-03-18,9593060.50612
2020-03-19,9159922.096119998
2020-03-20,9636243.426119994
2020-03-23,9308004.686119998
2020-03-24,9807059.106119998
2020-03-25,10277996.57612
2020-03-26,10279407.23612
2020-03-27,10448010.476119999
2020-03-30,10309963.546119997
2020-03-31,10436053.346119996
2020-04-01,10197385.205039999
2020-04-02,10262535.515039997
2020-04-03,10276608.605039997
2020-04-06,10409195.405039998
2020-04-07,10667312.685039995
2020-04-08,10592592.005039997
2020-04-09,10836874.715039996
2020-04-14,10940102.57504
2020-04-15,10889074.435039999
2020-04-16,10872830.00504
2020-04-17,11033006.185039997
2020-04-20,11145615.525039999
2020-04-21,10953090.955039999
2020-04-22,11111370.265039999
2020-04-23,11163981.945039999
2020-04-24,10996784.215039996
2020-04-27,11222783.055040002
2020-04-28,11333690.56524
2020-04-29,11380451.455239998
2020-05-04,11073640.41524
2020-05-05,11112295.615239998
2020-05-06,11240163.36524
2020-05-07,11294907.345239999
2020-05-08,11411192.675240003
2020-05-11,11453026.435239997
2020-05-12,11421796.215239998
2020-05-13,11496739.365239996
2020-05-14,11359530.325239997
2020-05-15,11354749.685239999
2020-05-18,11377193.795239994
2020-05-19,11442901.495240001
2020-05-20,11460931.555239994
2020-05-21,11307123.065239996
2020-05-22,10859479.975239998
2020-05-25,10991076.345239997
2020-05-26,11127888.77524
2020-05-27,11017233.995239997
2020-05-28,10974643.185239995
2020-05-29,11167692.455239998
2020-06-01,11411984.381519997
2020-06-02,11532122.86152
2020-06-03,11568775.50152
2020-06-04,11563637.461520001
2020-06-05,11559197.83152
2020-06-08,11505229.081519999
2020-06-09,11614164.36152
2020-06-10,11653064.711520001
2020-06-11,11496355.52152
2020-06-12,11451929.07152
2020-06-15,11366590.35152
2020-06-16,11567925.171520002
2020-06-17,11618677.551520001
2020-06-18,11730030.32152
2020-06-19,11852939.58152
2020-06-22,11765406.071519999
2020-06-23,11914939.561519999
2020-06-24,11917571.54152
2020-06-26,11833727.77152
2020-06-29,11671106.36152
2020-06-30,11748452.90152
2020-07-02,12276483.99672
2020-07-03,12597894.34672
2020-07-06,13249453.036719998
2020-07-07,13071084.156720003
2020-07-08,13421498.616719997
2020-07-09,13516724.15672
2020-07-10,13310573.636719998
2020-07-13,13531739.95672
2020-07-14,13267338.22672
2020-07-15,13362964.736719994
2020-07-16,12712047.666720001
2020-07-17,12981800.116719998
2020-07-20,13223613.606719995
2020-07-21,13446585.246720001
2020-07-22,13153552.63672
2020-07-23,13399663.166719997
2020-07-24,12922792.836719995
2020-07-27,12980497.716719996
2020-07-28,13161844.306719994
2020-07-29,13386029.90672
2020-07-30,13376419.916719997
2020-07-31,13495571.83672
2020-08-03,13744885.360400004
2020-08-04,13818064.910400001
2020-08-05,14021318.140400002
2020-08-06,14143165.640400002
2020-08-07,13951990.920400003
2020-08-10,13841283.9304
2020-08-11,13911670.490400001
2020-08-12,13730790.2804
2020-08-13,13775632.870400004
2020-08-14,13898093.610400002
2020-08-17,14175010.990400001
2020-08-18,14224492.620399999
2020-08-19,14116934.4404
2020-08-20,13979214.490400003
2020-08-21,14118678.030400002
2020-08-24,14311631.580399998
2020-08-25,14380529.240399998
2020-08-26,14215489.9004
2020-08-27,14288353.140400002
2020-08-28,14219809.080400001
2020-08-31,13944311.970400004
2020-09-01,13985385.660479998
2020-09-02,14092527.910480004
2020-09-03,14020391.470480002
2020-09-04,13935990.920479996
2020-09-07,13670358.72048
2020-09-08,13677242.740480002
2020-09-09,13561328.020480001
2020-09-10,13600793.920480002
2020-09-11,13710997.360479997
2020-09-14,13792468.930479996
2020-09-15,13975092.430479998
2020-09-16,14089339.770480001
2020-09-17,13966067.78048
2020-09-18,14053955.600480001
2020-09-21,13769167.05048
2020-09-22,13672059.820480004
2020-09-23,13671719.360480005
2020-09-24,13337378.26048
2020-09-25,13218320.45048
2020-09-28,13380653.30048
2020-09-29,13212204.13744
2020-09-30,13506697.287440004
2020-10-05,13736626.527440002
2020-10-06,14059721.457439998
2020-10-07,14032513.59744
2020-10-08,14320982.027440002
2020-10-09,14076914.247440007
2020-10-12,14298514.077440005
2020-10-14,14382937.157440001
2020-10-15,14200235.877440002
2020-10-16,14093931.357440004
2020-10-19,13931717.877440004
2020-10-20,14200446.63744
2020-10-21,14281674.727440003
2020-10-22,14274313.237440003
2020-10-23,14066673.477440001
2020-10-27,14202821.287440002
2020-10-28,14168329.857440002
2020-10-29,14234512.677439999
2020-10-30,13902878.58744
2020-11-02,14148090.83664
2020-11-03,14265972.82664
2020-11-04,14226753.99664
2020-11-05,14665832.196640002
2020-11-06,14609685.266640002
2020-11-09,14881205.586640002
2020-11-10,14655053.39664
2020-11-11,14435410.26664
2020-11-12,14783230.206640001
2020-11-13,14780762.116640003
2020-11-16,14881668.466640001
2020-11-17,14852808.336640002
2020-11-18,14976806.16664
2020-11-19,14914556.576640002
2020-11-20,15170142.766640004
2020-11-23,15354333.85664
2020-11-24,15376011.986640003
2020-11-25,15052893.426640002
2020-11-26,15098407.956640005
2020-11-27,15105597.916640002
2020-11-30,15049655.666640004
2020-12-01,15169810.899760004
2020-12-02,15053231.699760003
2020-12-03,14951080.769760003
2020-12-04,15076831.799760005
2020-12-07,14880502.669760004
2020-12-08,14915901.57976
2020-12-09,14822095.149760002
2020-12-10,14753407.929759998
2020-12-11,14829447.35976
2020-12-14,14926055.289760001
2020-12-15,14973854.899760002
2020-12-16,15120351.679760003
2020-12-17,15324504.39976
2020-12-18,15476712.779760003
2020-12-21,15575731.699760001
2020-12-22,15255851.209759999
2020-12-23,15452629.21976
2020-12-24,15547484.629760003
2020-12-28,15846959.479760002
2020-12-29,15750534.449760005
2020-12-30,16084535.439760005
2020-12-31,16304784.789760001
2021-01-04,16846357.49692
2021-01-05,16996235.25692
2021-01-06,16865257.906919997
2021-01-07,16896112.876920003
2021-01-08,17238732.10692
2021-01-11,17081315.586919997
2021-01-12,17284332.16692
2021-01-13,17268279.49692
2021-01-14,17307019.44692
2021-01-15,17164470.706920005
2021-01-18,17313055.92692
2021-01-19,17777264.486919995
2021-01-20,18344112.89692
2021-01-21,18355755.63692001
2021-01-22,18257088.98692
2021-01-25,18943964.256920006
2021-01-26,18639285.99692
2021-01-27,18192003.98692
2021-01-28,17564827.136919998
2021-01-29,17594705.42692
2021-02-01,17963048.810680002
2021-02-02,18352333.98068
2021-02-03,18578386.79068
2021-02-04,18304830.74068
2021-02-05,18357647.01068
2021-02-08,18570359.02068
2021-02-09,18886511.93068
2021-02-10,19245915.400679994
2021-02-11,19327328.320679996
2021-02-16,19800719.95068
2021-02-17,19984911.100679994
2021-02-18,19352106.140679996
2021-02-19,19576192.42068
2021-02-22,18956387.88067999
2021-02-23,18881679.120679997
2021-02-24,18004363.26068
2021-02-25,18344322.690679997
2021-02-26,17494897.670679998
2021-03-01,17871356.66616
2021-03-02,17614708.036159996
2021-03-03,17835382.016159996
2021-03-04,17102130.426159997
2021-03-05,16879896.63616
2021-03-08,16339121.936159998
2021-03-09,16311187.846159996
2021-03-10,16589343.076159995
2021-03-11,17231444.87616
2021-03-12,17073861.92616
2021-03-15,16918911.19616
2021-03-16,17245563.696159996
2021-03-17,17530336.69616
2021-03-18,17626650.27616
2021-03-19,17430622.92616
2021-03-22,17546839.126160003
2021-03-23,16997462.316160005
2021-03-24,16524902.086159999
2021-03-25,16443380.31616
2021-03-26,16755624.586159999
2021-03-29,16943256.656160004
2021-03-30,17251360.406160004
2021-03-31,16993112.05616
2021-04-01,17500771.72624
2021-04-07,17384729.55624
2021-04-08,17368917.99624
2021-04-09,17053598.866240002
2021-04-12,16603331.516239997
2021-04-13,16511013.416240001
2021-04-14,16742182.99624
2021-04-15,16722701.496239997
2021-04-16,16884395.696239997
2021-04-19,17162994.266239997
2021-04-20,17162639.276240002
2021-04-21,17060426.97624
2021-04-22,17270413.246239997
2021-04-23,17437653.356239997
2021-04-26,17390600.40624
2021-04-27,17389744.71624
2021-04-28,17490237.966240004
2021-04-29,17457407.854599994
2021-04-30,17170795.0246
2021-05-03,17071661.994599998
2021-05-04,17299923.4946
2021-05-05,17018328.1546
2021-05-06,17090084.6546
2021-05-07,16925011.1246
2021-05-10,17025899.384599995
2021-05-11,16666673.784600005
2021-05-12,16722560.9946
2021-05-13,16150762.254600001
2021-05-14,16279209.804600002
2021-05-17,16649408.974599998
2021-05-18,16819716.6146
2021-05-20,16787041.7846
2021-05-21,16999762.014599998
2021-05-24,16897083.694599997
2021-05-25,17173126.844600003
2021-05-26,17374849.6346
2021-05-27,17631109.4046
2021-05-28,17420554.3946
2021-05-31,17604850.734599996
2021-06-01,17725178.086399995
2021-06-02,17688395.446399998
2021-06-03,17605567.356399998
2021-06-04,17544085.316399995
2021-06-07,17510466.066400003
2021-06-08,17436493.236399997
2021-06-09,17475619.5364
2021-06-10,17532715.2264
2021-06-11,17668329.6464
2021-06-15,17552369.176399995
2021-06-16,17179176.776399996
2021-06-17,17352134.736399997
2021-06-18,17548093.2264
2021-06-21,17405233.9764
2021-06-22,17408021.3564
2021-06-23,17677823.786399994
2021-06-24,17661356.5564
2021-06-25,17866942.8164
2021-06-28,18086890.9064
2021-06-29,18056362.326399993
2021-06-30,18065699.9664
2021-07-02,17812445.482119992
2021-07-05,17885889.43211999
2021-07-06,17776510.722119994
2021-07-07,17934163.452119995
2021-07-08,17425035.712119993
2021-07-09,17439144.622119997
2021-07-12,17710788.47211999
2021-07-13,17956416.45211999
2021-07-14,17873395.902119994
2021-07-15,18030703.45211999
2021-07-16,17955236.842119996
2021-07-19,17710580.212119993
2021-07-20,17535359.43211999
2021-07-21,17682454.812119994
2021-07-22,17872852.102119982
2021-07-23,17486986.372119993
2021-07-26,16971887.112119995
2021-07-27,16305264.612119993
2021-07-28,16643914.09211999
2021-07-29,17117842.46211999
2021-07-30,17039405.06211999
2021-08-02,17341144.772439998
2021-08-03,17275947.80243999
2021-08-04,17519524.24243999
2021-08-05,17414124.81244
2021-08-06,17270993.432439998
2021-08-09,17396764.452439997
2021-08-10,17536985.582439993
2021-08-11,17603776.192439996
2021-08-12,17543532.732439995
2021-08-13,17597102.212439995
2021-08-16,17580766.12243999
2021-08-17,17218311.542439993
2021-08-18,17396696.362439997
2021-08-19,17217453.53243999
2021-08-20,16889653.03243999
2021-08-23,17558293.96244
2021-08-24,17815241.862439994
2021-08-25,18040755.782439996
2021-08-26,17831248.292439997
2021-08-27,17805167.602439992
2021-08-30,17997135.622439995
2021-08-31,18165910.102439996
2021-09-01,18070866.3824
2021-09-02,18198144.042399995
2021-09-03,18205763.412399996
2021-09-06,18216908.282399993
2021-09-07,18254567.15239999
2021-09-08,18181278.612399995
2021-09-09,18233874.902399994
2021-09-10,18332385.822399996
2021-09-13,18219904.582399998
2021-09-14,18023144.762399998
2021-09-15,17872888.832399998
2021-09-16,17453344.122399997
2021-09-17,17617615.6824
2021-09-20,16924632.852399997
2021-09-21,17051383.072399996
2021-09-23,17303409.962399997
2021-09-24,17045558.262399998
2021-09-27,16797306.5424
2021-09-28,17010600.7524
2021-09-29,16814828.633279998
2021-09-30,16973794.46328
2021-10-04,16777375.853279997
2021-10-05,16987248.203280002
2021-10-06,16706395.543279998
2021-10-07,16985248.413279995
2021-10-08,16773065.753279997
2021-10-11,16674287.503279997
2021-10-12,16676118.383279996
2021-10-15,16834165.363279995
2021-10-18,17020254.443279997
2021-10-19,17298406.51328
2021-10-20,17211955.523280002
2021-10-21,17144300.603279997
2021-10-22,17267692.85328
2021-10-25,17294269.51328
2021-10-26,17319361.223279998
2021-10-27,17073811.55328
2021-10-28,16950888.883279998
2021-10-29,17006667.57328
2021-11-01,16822590.302119996
2021-11-02,16611933.792119995
2021-11-03,16677221.162119994
2021-11-04,16719308.772119993
2021-11-05,16475504.102119997
2021-11-08,16582658.272119997
2021-11-09,16648729.222119996
2021-11-10,16591860.692119999
2021-11-11,16800890.602119997
2021-11-12,16818228.232119992
2021-11-15,16803444.142119996
2021-11-16,16983423.082119994
2021-11-17,16943886.172119994
2021-11-18,16815970.382119995
2021-11-19,16929106.482119996
2021-11-22,16820154.692119993
2021-11-23,16758656.012119995
2021-11-24,16775239.692119995
2021-11-25,16750376.692119993
2021-11-26,16478360.85212
2021-11-29,16427862.442119995
2021-11-30,16372355.752119998
2021-12-01,16307485.819759997
2021-12-02,16353886.079759995
2021-12-03,16608805.869759997
2021-12-06,16367829.279759994
2021-12-07,16568048.459759993
2021-12-08,16603140.529759998
2021-12-09,16847126.819759995
2021-12-10,16723711.739759997
2021-12-13,16732789.459759997
2021-12-14,16597043.28976
2021-12-15,16487955.619759997
2021-12-16,16733335.039759995
2021-12-17,16657352.279759996
2021-12-20,16317635.249759994
2021-12-21,16515003.909759996
2021-12-22,16599856.639759993
2021-12-23,16720171.019759998
2021-12-24,16658317.479759995
2021-12-28,16700320.36976
2021-12-29,16555973.732559998
2021-12-30,16546964.84256
2021-12-31,16658895.842559999
2022-01-03,16831785.91256
2022-01-04,16799785.16255999
2022-01-05,16728774.872559998
2022-01-06,16690020.272559999
2022-01-07,16827763.022559993
2022-01-10,16902177.712559994
2022-01-11,16857525.432559997
2022-01-12,17074972.89256
2022-01-13,17098376.62256
2022-01-14,17112760.01256
2022-01-17,16975021.87256
2022-01-18,17100725.682559993
2022-01-19,17168397.042559993
2022-01-20,17174006.812559996
2022-01-21,17368925.392559998
2022-01-24,17353813.802559998
2022-01-25,17043814.07256
2022-01-26,17120246.76256
2022-01-27,16809366.454519995
2022-01-28,16652501.544519994
2022-01-31,16736356.714519992
2022-02-04,17149436.64452
2022-02-07,17313113.664519995
2022-02-08,17559807.394519996
2022-02-09,17821910.00452
2022-02-10,18069541.474519998
2022-02-11,18075045.06452
2022-02-14,17887407.144519996
2022-02-15,17661359.09452
2022-02-16,17893499.184520002
2022-02-17,18050989.914519995
2022-02-18,18010944.90452
2022-02-21,18072397.37452
2022-02-22,17760393.024520002
2022-02-23,17718414.524520002
2022-02-24,17308489.154519994
2022-02-25,17303995.494520005
2022-02-28,17359122.964519996
2022-03-01,17471391.61324
2022-03-02,17228844.19324
2022-03-03,17514832.34324
2022-03-04,17305736.213239998
2022-03-07,16921657.16324
2022-03-08,16543542.363239994
2022-03-09,16364002.983239995
2022-03-10,16590785.423239995
2022-03-11,16425063.893239997
2022-03-14,15779556.97324
2022-03-15,14904579.963239996
2022-03-16,15625200.753239995
2022-03-17,16323434.353239994
2022-03-18,16442603.273239996
2022-03-21,16409505.573239993
2022-03-22,16720905.113239992
2022-03-23,16697634.533239998
2022-03-24,16782415.973239996
2022-03-25,16510771.973239994
2022-03-28,16604411.733239992
2022-03-29,16717483.043239992
2022-03-30,16835061.95324
2022-03-31,16592648.60831999
2022-04-01,16859753.028319992
2022-04-04,17003530.428319987
2022-04-06,16876526.598319992
2022-04-07,16661814.278319992
2022-04-08,16817262.108319994
2022-04-11,16485045.538319994
2022-04-12,16583788.998319991
2022-04-13,16848171.31831999
2022-04-14,17155886.878319994
2022-04-19,17041778.56831999
2022-04-20,16798574.53831999
2022-04-21,16575194.278319992
2022-04-22,16676241.188319989
2022-04-25,15995807.29831999
2022-04-26,15880091.198319992
2022-04-27,16123447.018319992
2022-04-28,16322716.836599994
2022-04-29,16516473.726599991
2022-05-03,16550509.99659999
2022-05-04,16461862.786599992
2022-05-05,16402505.966599992
2022-05-06,15955949.286599994
2022-05-10,15702404.186599987
2022-05-11,15827184.116599988
2022-05-12,15525948.88659999
2022-05-13,15856315.596599992
2022-05-16,15890465.27659999
2022-05-17,16179205.746599995
2022-05-18,16281922.38659999
2022-05-19,16162307.44659999
2022-05-20,16540810.156599995
2022-05-23,16526599.186599988
2022-05-24,16393705.056599991
2022-05-25,16564834.526599988
2022-05-26,16621218.31659999
2022-05-27,16790814.66659999
2022-05-30,16829780.366599996
2022-05-31,17112294.48659999
2022-06-01,17111574.152559984
2022-06-02,17071327.082559988
2022-06-06,17180955.312559992
2022-06-07,17173212.062559985
2022-06-08,17345102.61255999
2022-06-09,17069438.342559986
2022-06-10,16975402.262559988
2022-06-13,16698496.572559988
2022-06-14,16732673.712559989
2022-06-15,16771745.852559986
2022-06-16,16380585.962559989
2022-06-17,16374534.84255999
2022-06-20,16355360.79255999
2022-06-21,16543831.172559988
2022-06-22,16257133.572559992
2022-06-23,16358176.64255999
2022-06-24,16379697.65255999
2022-06-27,16659634.762559988
2022-06-28,17067528.052559987
2022-06-29,16835754.372559987
2022-06-30,16789250.72255999
2022-07-04,16680568.240999991
2022-07-05,16717047.960999988
2022-07-06,16424569.000999987
2022-07-07,16570629.24099999
2022-07-08,16684807.06099999
2022-07-11,16545386.880999988
2022-07-12,16449135.440999987
2022-07-13,16467220.620999988
2022-07-14,16472021.930999994
2022-07-15,16259690.18099999
2022-07-18,16627330.770999989
2022-07-19,16667419.180999987
2022-07-20,16760219.06099999
2022-07-21,16604093.600999989
2022-07-22,16630960.670999989
2022-07-25,16522807.710999988
2022-07-26,16639237.590999989
2022-07-27,16591366.790999992
2022-07-28,16658266.090999989
2022-07-29,16455710.07099999
2022-08-01,16284960.584879993
2022-08-02,15924868.074879993
2022-08-03,15891613.704879988
2022-08-04,16013830.744879993
2022-08-05,16120107.234879995
2022-08-08,16193284.134879995
2022-08-09,16293563.404879997
2022-08-10,16052321.154879993
2022-08-11,16365315.494879995
2022-08-12,16535564.17487999
2022-08-15,16292582.50487999
2022-08-16,16249104.37487999
2022-08-17,16377628.424879992
2022-08-18,16210023.914879993
2022-08-19,16405876.854879988
2022-08-22,16351446.644879995
2022-08-23,16302297.204879992
2022-08-24,16084270.69487999
2022-08-25,16406256.834879994
2022-08-26,16490031.654879993
2022-08-29,16366235.014879994
2022-08-30,16256783.484879993
2022-08-31,16119713.074879993
2022-09-01,15822662.472959993
2022-09-02,15688857.062959991
2022-09-05,15664680.382959995
2022-09-06,15669582.612959996
2022-09-07,15589020.372959996
2022-09-08,15476087.152959993
2022-09-09,15636439.372959996
2022-09-13,15825490.902959995
2022-09-14,15612551.522959992
2022-09-15,15593635.192959994
2022-09-16,15456405.402959997
2022-09-19,15297328.112959992
2022-09-20,15411064.002959996
2022-09-21,15356129.212959994
2022-09-22,15176799.672959995
2022-09-23,14947799.642959993
2022-09-26,14611450.022959992
2022-09-27,14762173.012959993
2022-09-28,14380787.812959993
2022-09-29,14057240.881439993
2022-09-30,14098192.171439992
2022-10-03,13970459.981439987
2022-10-04,13970459.981439987
2022-10-05,14586253.19143999
2022-10-06,14629633.301439995
2022-10-07,14440619.40143999
2022-10-10,14031420.681439994
2022-10-11,13768713.581439996
2022-10-12,13720124.791439995
2022-10-13,13559121.271439996
2022-10-14,13768999.611439992
2022-10-17,13811308.061439997
2022-10-18,14034695.701439993
2022-10-19,13942526.671439992
2022-10-20,13965092.521439992
2022-10-21,14026826.411439992
2022-10-24,13488327.391439993
2022-10-25,13529312.531439994
2022-10-26,13675611.741439994
2022-10-27,13663356.221439993
2022-10-28,13286521.621439993
2022-10-31,13067928.271439994
2022-11-01,13301400.826039996
2022-11-02,13514952.346039996
2022-11-03,13313934.816039994
2022-11-04,13817340.916039992
2022-11-07,14058450.74603999
2022-11-08,13976438.356039993
2022-11-09,13928685.676039997
2022-11-10,13781425.136039995
2022-11-11,14233634.286039993
2022-11-14,14205406.316039994
2022-11-15,14469969.91604
2022-11-16,14398452.816039994
2022-11-17,14301952.356039997
2022-11-18,14200110.186039992
2022-11-21,14039049.586039998
2022-11-22,14034487.176039994
2022-11-23,14134659.496039994
2022-11-24,14217590.106039993
2022-11-25,14134762.53603999
2022-11-28,13935737.926039997
2022-11-29,14281765.776039995
2022-11-30,14587178.046039991
2022-12-01,14055434.911199996
2022-12-02,13978692.431199998
2022-12-05,14529214.131199991
2022-12-06,14547879.4412
2022-12-07,14316965.441199992
2022-12-08,14635346.941199994
2022-12-09,14818466.051199997
2022-12-12,14715984.441199994
2022-12-13,14802565.791199995
2022-12-14,14859023.381199997
2022-12-15,14723280.941199996
2022-12-16,14747197.061199997
2022-12-19,14473063.161199994
2022-12-20,14353362.501199994
2022-12-21,14464783.731199993
2022-12-22,14680714.331199994
2022-12-23,14590356.341199998
2022-12-26,14590356.341199998
2022-12-27,14590356.341199998
2022-12-28,14872668.351199994
2022-12-29,14709395.081199996
2022-12-30,14795706.031199997
2023-01-03,15109017.501199998
2023-01-04,15402216.201199997
2023-01-05,15494466.11119999
2023-01-06,15411296.101200001
2023-01-09,15603963.661199993
2023-01-10,15619061.411199994
2023-01-11,15666704.301199995
2023-01-12,15765253.60119999
2023-01-13,16036299.561199995
2023-01-16,15923713.741199993
2023-01-17,15710727.441199997
2023-01-18,15869095.971199995
2023-01-19,15864475.111199992
2023-01-20,16159788.641199997
2023-01-26,16379375.971199997
2023-01-27,16447665.051199995
2023-01-30,16014744.331199998
2023-01-31,15925973.781199994
2023-02-01,16062715.207919994
2023-02-02,15984134.207919998
2023-02-03,15771911.997919997
2023-02-06,15495241.927919995
2023-02-07,15519237.95792
2023-02-08,15642131.157919995
2023-02-09,15815260.727919996
2023-02-10,15633557.72791999
2023-02-13,15649128.387919996
2023-02-14,15636858.30791999
2023-02-15,15397697.137919996
2023-02-16,15506310.927919993
2023-02-17,15455499.777919997
2023-02-20,15621834.907919997
2023-02-21,15567602.597919995
2023-02-22,15505075.087919993
2023-02-23,15571260.937919995
2023-02-24,15444565.317919996
2023-02-27,15308626.597919997
2023-02-28,15178388.087919995
2023-03-01,15573044.174439998
2023-03-02,15651091.614439992
2023-03-03,15875818.894439993
2023-03-06,15986294.654439993
2023-03-07,15871377.664439997
2023-03-08,15679016.504439995
2023-03-09,15519899.214439992
2023-03-10,15144879.874439994
2023-03-13,15445569.774439992
2023-03-14,15134026.914439991
2023-03-15,15358955.844439995
2023-03-16,15165245.954439994
2023-03-17,15451715.714439994
2023-03-20,15076303.094439995
2023-03-21,15273837.304439995
2023-03-22,15438474.914439995
2023-03-23,15550016.014439993
2023-03-24,15326480.63444
2023-03-27,15189568.774439998
2023-03-28,15305809.834439995
2023-03-29,15468933.484439991
2023-03-30,15694077.054439994
2023-03-31,15582465.694439996
2023-04-03,15620578.312679991
2023-04-04,15761694.432679992
2023-04-06,15739952.492679996
2023-04-11,15895065.592679992
2023-04-12,15948768.36267999
2023-04-13,16005585.132679995
2023-04-14,16060177.232679995
2023-04-17,16303322.852679996
2023-04-18,16292446.672679998
2023-04-19,16164820.112679994
2023-04-20,16070608.042679993
2023-04-21,15914010.762679996
2023-04-24,15833973.342679996
2023-04-25,15663346.822679996
2023-04-26,15783068.422679994
2023-04-27,15917166.84267999
2023-04-28,15977171.442679998
2023-05-02,15868869.070679994
2023-05-03,15699371.000679996
2023-05-04,16111899.25067999
2023-05-05,16172536.290679995
2023-05-08,16500973.03067999
2023-05-09,16342334.690679992
2023-05-10,16125755.50068
2023-05-11,16050059.320679994
2023-05-12,15790608.670679998
2023-05-15,15924960.200679995
2023-05-16,15899133.990679994
2023-05-17,15587770.900679994
2023-05-18,15831203.930679994
2023-05-19,15736465.740679994
2023-05-22,15880179.610679995
2023-05-23,15669712.580679996
2023-05-24,15391181.760679996
2023-05-25,15165175.000679998
2023-05-29,15152248.690679995
2023-05-30,15165412.330679994
2023-05-31,14880868.530679997
2023-06-01,14714848.488080004
2023-06-02,15027841.508079998
2023-06-05,15099460.698079998
2023-06-06,14989426.728079997
2023-06-07,15064716.708079997
2023-06-08,15202147.588080002
2023-06-09,15341139.488079999
2023-06-12,15264543.048080003
2023-06-13,15323909.458080001
2023-06-14,15307787.85808
2023-06-15,15533169.98808
2023-06-16,15654254.578079998
2023-06-19,15656049.918079998
2023-06-20,15547729.088079996
2023-06-21,15308155.718079997
2023-06-23,14882893.578079998
2023-06-26,14893400.73808
2023-06-27,15137911.748079995
2023-06-28,15178231.388079999
2023-06-29,15072243.748080002
2023-06-30,15209171.588079996
2023-07-03,15439209.766280001
2023-07-04,15512095.106279999
2023-07-05,15374220.94628
2023-07-06,15150222.69628
2023-07-07,15046464.986280002
2023-07-10,15049043.936280003
2023-07-11,15105526.056280002
2023-07-12,15154157.516280001
2023-07-13,15349057.796280002
2023-07-14,15478897.876279997
2023-07-17,15478897.876279997
2023-07-18,15361464.006279998
2023-07-19,15370260.846280001
2023-07-20,15327068.14628
2023-07-21,15441518.856279999
2023-07-24,15322637.706280002
2023-07-25,15649867.33628
2023-07-26,15576173.416280003
2023-07-27,15592487.18628
2023-07-28,15824315.84628
2023-07-31,15880214.63628
2023-08-01,15760713.57512
2023-08-02,15518258.805120002
2023-08-03,15513193.23512
2023-08-04,15575714.065119999
2023-08-07,15579612.145120002
2023-08-08,15427672.515120002
2023-08-09,15385320.74512
2023-08-10,15521168.085119998
2023-08-11,15267040.955120001
2023-08-14,15111632.185120003
2023-08-15,15009282.675119998
2023-08-16,14847988.085119998
2023-08-17,14934097.315120002
2023-08-18,14700815.25512
2023-08-21,14365056.005120004
2023-08-22,14547236.485119998
2023-08-23,14531908.50512
2023-08-24,14664636.095120003
2023-08-25,14576122.725120004
2023-08-28,14650757.445120003
2023-08-29,14948291.52512
2023-08-30,14798017.855120001
2023-08-31,14755412.395120002
2023-09-01,14755412.395120002
2023-09-04,15138001.785120001
2023-09-05,14925554.98512
2023-09-06,14886543.995120004
2023-09-07,14756391.275120001
2023-09-08,14756391.275120001
2023-09-11,14843750.495120002
2023-09-12,14761116.68512
2023-09-13,14705609.245120006
2023-09-14,14828412.315120004
2023-09-15,14877685.42512
2023-09-18,14703392.205120001
2023-09-19,14866046.755120002
2023-09-20,14783901.815120004
2023-09-21,14677550.77512
2023-09-22,14863786.375119999
2023-09-25,14659794.61512
2023-09-26,14456582.075119998
2023-09-27,14419767.015120003
2023-09-28,14436248.325120002
2023-09-29,14468005.358319998
2023-10-03,14044272.338319998
2023-10-04,13885415.408319999
2023-10-05,13885302.47832
2023-10-06,14128879.10832
2023-10-09,14176861.228319999
2023-10-10,14233751.598320002
2023-10-11,14326041.08832
2023-10-12,14674993.768319998
2023-10-13,14450069.918320002
2023-10-16,14333453.71832
2023-10-17,14466785.798320001
2023-10-18,14436448.608320002
2023-10-19,14066755.328319997
2023-10-20,13925758.838319998
2023-10-24,13816049.038320001
2023-10-25,13736772.758319998
2023-10-26,13684877.41832
2023-10-27,13849601.79832
2023-10-30,13705347.368320001
2023-10-31,13448022.138319997
2023-11-01,13375982.29712
2023-11-02,13399781.787120001
2023-11-03,13607417.537120001
2023-11-06,13753441.92712
2023-11-07,13550806.34712
2023-11-08,13451316.70712
2023-11-09,13340986.70712
2023-11-10,13263964.017119996
2023-11-13,13340142.717119996
2023-11-14,13362201.90712
2023-11-15,13736833.147119999
2023-11-16,13582908.047119997
2023-11-17,13475074.577119999
2023-11-20,13674632.47712
2023-11-21,13656046.56712
2023-11-22,13687322.41712
2023-11-23,13697598.317119997
2023-11-24,13550158.35712
2023-11-27,13464342.01712
2023-11-28,13429499.24712
2023-11-29,13154364.47712
2023-11-30,13182525.797119997
2023-12-01,13060789.545199996
2023-12-04,13028100.695199996
2023-12-05,12803549.825199999
2023-12-06,12938477.565199995
2023-12-07,12903007.515199995
2023-12-08,12800221.345199997
2023-12-11,12758785.745199997
2023-12-12,12851826.755199997
2023-12-13,12740248.215199996
2023-12-14,12811647.095199998
2023-12-15,12918634.0152
2023-12-18,12827191.0152
2023-12-19,12733115.355199998
2023-12-20,12707295.345199997
2023-12-21,12750648.265199997
2023-12-22,12698980.6852
2023-12-27,12860017.405199997
2023-12-28,13094816.775199996
2023-12-29,13133410.465199996
2024-01-02,13033300.724360002
2024-01-03,13010295.92436
2024-01-04,13024752.654359996
2024-01-05,12983723.50436
2024-01-08,12738503.684360001
2024-01-09,12799974.354360001
2024-01-10,12749437.15436
2024-01-11,12893218.10436
2024-01-12,12962883.36436
2024-01-15,13069438.81436
2024-01-16,12809729.714359999
2024-01-17,12301855.674360001
2024-01-18,12294043.30436
2024-01-19,12206032.59436
2024-01-22,11828333.674359998
2024-01-23,12064463.15436
2024-01-24,12536017.224359998
2024-01-25,12801528.864359995
2024-01-26,12652128.224360002
2024-01-29,12678536.974360002
2024-01-30,12402732.344360001
2024-01-31,12251283.59436
2024-02-01,12210284.8572
2024-02-02,12246340.357200004
2024-02-05,12177161.4972
2024-02-06,12516846.4672
2024-02-07,12490914.9372
2024-02-08,12511208.097200003
2024-02-09,12364552.787200002
2024-02-14,12298646.827200001
2024-02-15,12315351.847199997
2024-02-16,12569322.567200003
2024-02-19,12585388.447199998
2024-02-20,12780341.947200002
2024-02-21,12908350.027199998
2024-02-22,13158064.3672
2024-02-23,13172019.827200001
2024-02-26,13129189.997200001
2024-02-27,13165980.797200002
2024-02-28,13067609.3072
2024-02-29,13159173.357199999
2024-03-01,13100955.38708
2024-03-04,13197271.717080003
2024-03-05,13073460.167080002
2024-03-06,13215884.467079999
2024-03-07,13224312.08708
2024-03-08,13386857.80708
2024-03-11,13406575.577079998
2024-03-12,13485249.227079999
2024-03-13,13573449.367080001
2024-03-14,13536750.47708
2024-03-15,13421418.35708
2024-03-18,13536643.697079998
2024-03-19,13371664.707080001
2024-03-20,13406943.47708
2024-03-21,13540209.21708
2024-03-22,13405629.527080003
2024-03-25,13301813.677080002
2024-03-26,13241452.407080002
2024-03-27,13094425.09708
2024-03-28,12950636.08708
2024-04-02,13132136.24612
2024-04-03,13089149.74612
2024-04-05,12972944.586120004
2024-04-08,13063175.31612
2024-04-09,13075313.456120001
2024-04-10,13193143.76612
2024-04-11,13147830.286120001
2024-04-12,12987121.866119998
2024-04-15,13050037.476119999
2024-04-16,12827404.526120001
2024-04-17,12915048.20612
2024-04-18,12961315.256120002
2024-04-19,12942393.10612
2024-04-22,12950104.10612
2024-04-23,12906888.466119999
2024-04-24,13063561.876120001
2024-04-25,13165605.95612
2024-04-26,13423435.566119999
2024-04-29,13503788.136119997
2024-04-30,13531834.55612
2024-05-02,13469438.249600003
2024-05-03,13595583.459599998
2024-05-06,13730143.049600001
2024-05-07,13819927.999599999
2024-05-08,13820661.8396
2024-05-09,14074065.129599998
2024-05-10,14393453.6996
2024-05-13,14562202.3196
2024-05-14,14500815.0396
2024-05-16,14540716.589600002
2024-05-17,14453041.769600002
2024-05-20,14507843.599599997
2024-05-21,14272513.7596
2024-05-22,14333244.009600004
2024-05-23,14163774.559600005
2024-05-24,14085729.9496
2024-05-27,14366796.769600002
2024-05-28,14346362.9596
2024-05-29,14196756.999599997
2024-05-30,14068665.269600004
2024-05-31,14039151.519599998
2024-06-03,14124298.574439999
2024-06-04,14193416.124440003
2024-06-05,14000272.73444
2024-06-06,14202277.77444
2024-06-07,14294292.22444
2024-06-11,13948202.444440002
2024-06-12,14062969.104440002
2024-06-13,14126708.214440005
2024-06-14,14162964.584440002
2024-06-17,14074374.854439996
2024-06-18,14177527.744439999
2024-06-19,14358699.654440003
2024-06-20,14326198.13444
2024-06-21,14131374.964439996
2024-06-24,14005475.634440001
2024-06-25,14041707.404439999
2024-06-26,14059308.51444
2024-06-27,13756004.444440002
2024-06-28,13900269.454439998
2024-07-02,13829439.948639998
2024-07-03,13892197.60864
2024-07-04,13977365.068639997
2024-07-05,13868802.228640003
2024-07-08,13675959.248639997
2024-07-09,13756057.658639997
2024-07-10,13659497.548639998
2024-07-11,13851063.618639996
2024-07-12,14026956.57864
2024-07-15,13938656.07864
2024-07-16,13791666.87864
2024-07-17,13644666.258639997
2024-07-18,13719365.348640002
2024-07-19,13471242.488640001
2024-07-22,13616144.998639999
2024-07-23,13482568.52864
2024-07-24,13467607.89864
2024-07-25,13230490.778639998
2024-07-26,13329572.278639998
2024-07-29,13284778.568640001
2024-07-30,13121221.898639997
2024-07-31,13389463.878639996
2024-08-01,13329349.764520003
2024-08-02,13162508.45452
2024-08-05,12845048.164520003
2024-08-06,12861165.094519995
2024-08-07,12934733.93452
2024-08-08,13023135.10452
2024-08-09,13092132.27452
2024-08-12,13169466.43452
2024-08-13,13257803.394520003
2024-08-14,13245843.994520003
2024-08-15,13272646.30452
2024-08-16,13377520.26452
2024-08-19,13612053.374519996
2024-08-20,13495314.99452
2024-08-21,13529565.224520002
2024-08-22,13598253.534520006
2024-08-23,13506477.24452
2024-08-26,13613519.164520001
2024-08-27,13765198.43452
2024-08-28,13726058.474519996
2024-08-29,13730667.434519997
2024-08-30,13798540.274519997
2024-09-02,13809284.263119997
2024-09-03,13746826.543119999
2024-09-04,13589153.073119998
2024-09-05,13626278.723119996
2024-09-09,13312053.333120001
2024-09-10,13225015.49312
2024-09-11,13151664.543119997
2024-09-12,13121787.713119997
2024-09-13,13236148.693119997
2024-09-16,13240640.21312
2024-09-17,13270450.553120002
2024-09-19,13574438.963119997
2024-09-20,13723205.713119999
2024-09-23,13770427.583119998
2024-09-24,14214631.09312
2024-09-25,14306840.163119998
2024-09-26,14786213.083119998
2024-09-27,15099818.553119993
2024-09-30,15367153.963119999
2024-10-02,15880116.726479998
2024-10-03,15590787.79648
2024-10-04,16045076.566479998
2024-10-07,16596437.666479997
2024-10-08,15199686.756479995
2024-10-09,14972780.046479998
2024-10-10,15327577.196479997
2024-10-14,15227026.286479998
2024-10-15,14842803.256479997
2024-10-16,14854836.716479994
2024-10-17,14791338.676479993
2024-10-18,15294714.126479996
2024-10-21,15135216.016479999
2024-10-22,15192685.78648
2024-10-23,15370938.716479996
2024-10-24,15164848.526479999
2024-10-25,15181905.886479998
2024-10-28,15174945.356479997
2024-10-29,15147204.926479997
2024-10-30,14906007.63648
2024-10-31,14802217.256479995
2024-11-01,14796443.593519995
2024-11-04,14840876.753519995
2024-11-05,14986722.833519995
2024-11-06,14656337.953519996
2024-11-07,14711748.623519996
2024-11-08,14620221.393519996
2024-11-11,14456894.093519997
2024-11-12,14096874.913519995
2024-11-13,14168787.51352
2024-11-14,13996175.04352
2024-11-15,14019973.90352
2024-11-18,14139314.423519993
2024-11-19,14175967.013519995
2024-11-20,14225435.083519995
2024-11-21,14248885.913519997
2024-11-22,14078416.793519996
2024-11-25,14101312.843519999
2024-11-26,14069656.033519996
2024-11-27,14227381.663519999
2024-11-28,14125157.753519997
2024-11-29,14177364.093519995
2024-12-02,14187946.240679996
2024-12-03,14415878.060679995
2024-12-04,14573900.690679997
2024-12-05,14503369.720679991
2024-12-06,14713574.120679993
2024-12-09,15016580.230679993
2024-12-10,14850909.730679996
2024-12-11,14786218.010679998
2024-12-12,14931667.260679996
2024-12-13,14706778.340679994
2024-12-16,14804910.590679994
2024-12-17,14700583.560679995
2024-12-18,14989139.620679999
2024-12-19,14890805.070679994
2024-12-20,14766612.840679996
2024-12-23,14867082.780679993
2024-12-24,14959181.450679995
2024-12-27,15056800.270679995
2024-12-30,15005510.180679997
2024-12-31,15094181.290679997
2025-01-02,14624277.117439995
2025-01-03,14655032.537439995
2025-01-06,14621922.807439994
2025-01-07,14497037.497439992
2025-01-08,14387931.337439995
2025-01-09,14358916.547439996
2025-01-10,14151808.847439995
2025-01-13,14024748.857439991
2025-01-14,14221556.587439993
2025-01-15,14274222.447439997
2025-01-16,14434739.047439994
2025-01-17,14508226.037439996
2025-01-20,14645085.177439993
2025-01-21,14767388.177439993
2025-01-22,14618416.027439997
2025-01-23,14620920.407439994
2025-01-24,14893327.817439996
2025-01-27,14999051.937439993
2025-01-28,14992369.47659999
2025-02-03,14964476.026599992
2025-02-04,15179648.36659999
2025-02-05,15098021.276599992
2025-02-06,15404464.196599992
2025-02-07,15481709.35659999
2025-02-10,15593398.926599992
2025-02-11,15473357.536599988
2025-02-12,15828921.276599996
2025-02-13,15653876.446599994
2025-02-14,16134399.786599986
2025-02-17,16226505.526599988
2025-02-18,16489684.41659999
2025-02-19,16453471.866599994
2025-02-20,21058545.6366
2025-02-21,21480749.00659999
2025-02-24,21350916.436599992
2025-02-25,20829136.906600002
2025-02-26,20930397.616599992
2025-02-27,20899484.9466
2025-02-28,20427015.516599994
2025-03-03,20472938.72559999
2025-03-04,20536590.29559999
2025-03-05,21152437.26559999
2025-03-06,21606630.945599988
2025-03-07,21509845.715599984
2025-03-10,21288354.755599987
2025-03-11,21346517.85559999
2025-03-12,21301046.855599996
2025-03-13,21187649.425599985
2025-03-14,21621513.485599987
2025-03-17,21831950.60559999
2025-03-18,22434722.44559999
2025-03-19,22658636.325599983
2025-03-20,22352776.61559999
2025-03-21,22001722.115599986
2025-03-24,22179281.91559999
2025-03-25,21712035.805599988
2025-03-26,21833021.775599986
2025-03-27,22099629.925599992
2025-03-28,21999630.24559999
2025-03-31,21764424.60559999
2025-04-01,21813056.47839999
2025-04-02,21976708.85839999
2025-04-03,21688303.19839999
2025-04-07,19007119.48839999
2025-04-08,19387375.908399984
2025-04-09,19612393.418399986
2025-04-10,19986922.198399987
2025-04-11,20319232.95839999
2025-04-14,20682794.948399987
2025-04-15,20818499.828399993
2025-04-16,20471516.688399985
2025-04-17,20672191.748399988
2025-04-22,20991511.34839999
2025-04-23,21355594.67839999
2025-04-24,21412783.798399985
2025-04-25,21395687.75839999
2025-04-28,21504671.078399986
2025-04-29,21498642.47839999
2025-04-30,21499091.948399987
2025-05-02,21786341.39799999
2025-05-06,21923270.977999985
2025-05-07,21881079.217999984
2025-05-08,21913498.037999988
2025-05-09,22046619.607999988
2025-05-12,22684346.29799999
2025-05-13,22536236.457999993
2025-05-14,22591925.767999988
2025-05-15,22609840.79799999
2025-05-16,22623770.157999992
2025-05-19,22596563.227999985
2025-05-20,22954778.627999987
2025-05-21,23088245.737999983
2025-05-22,23290409.437999986
2025-05-23,23422555.537999988
2025-05-26,22520843.297999986
2025-05-27,23431226.807999995
2025-05-28,23236056.83799999
2025-05-29,23453488.137999993
2025-05-30,23035195.307999987
2025-06-02,23316040.72075999
2025-06-03,23333776.840759993
2025-06-04,23538508.72075999
2025-06-05,23595735.420759983
2025-06-06,23501452.31075999
2025-06-09,23757072.230759986
2025-06-10,23263393.220759988
2025-06-11,23283081.540759988
2025-06-12,23244951.430759985
2025-06-13,23073708.580759987
2025-06-16,22855304.930759992
2025-06-17,22540409.620759994
2025-06-18,22430476.740759984
2025-06-19,21785665.490759984
2025-06-20,22015541.530759986
2025-06-23,22125709.540759988
2025-06-24,22400137.44075999
2025-06-25,22655519.21075999
2025-06-26,22594373.47075999
2025-06-27,22376029.460759986
2025-06-30,22365139.680759985
2025-07-02,21981547.322199978
2025-07-03,21983682.212199986
2025-07-04,21826488.962199986
2025-07-07,21771342.742199987
2025-07-08,21854608.28219998
2025-07-09,21598120.512199983
2025-07-10,21675863.062199984
2025-07-11,21820607.55219999
2025-07-14,22023167.14219999
2025-07-15,22166377.73219999
2025-07-16,22140560.71219999
2025-07-17,22225691.11219999
2025-07-18,22407360.412199985
2025-07-21,22548908.34219998
2025-07-22,22638947.812199987
2025-07-23,22845376.002199985
2025-07-24,22989895.022199985
2025-07-25,22911365.692199983
2025-07-28,23001115.58219999
2025-07-29,23036378.77219999
2025-07-30,22944687.712199986
2025-07-31,22460346.592199985
2025-08-01,22072135.103599984
2025-08-04,22110896.24359998
2025-08-05,22259165.82359999
2025-08-06,22262066.273599986
2025-08-07,22484533.073599987
2025-08-08,22486841.72359999
2025-08-11,22326726.683599982
2025-08-12,22414541.323599987
2025-08-13,22792811.60359998
2025-08-14,22939053.38359998
2025-08-15,22714507.33359999
2025-08-18,22733664.10359998
2025-08-19,22708721.693599984
2025-08-20,22826068.443599988
2025-08-21,22807748.90359999
2025-08-22,22844174.693599984
2025-08-25,23027600.403599985
2025-08-26,23057074.35359998
2025-08-27,22622608.18359999
2025-08-28,22513299.24359998
2025-08-29,22468177.953599982
2025-09-01,22387784.93807999
2025-09-02,22257388.138079982
2025-09-03,22237730.358079977
2025-09-04,21876847.898079988
2025-09-05,22284219.868079983
2025-09-08,22517096.518079977
2025-09-09,22667466.078079984
2025-09-10,22858541.48807999
2025-09-11,22958745.838079985
2025-09-12,23129262.81807999
2025-09-15,23171606.388079982
2025-09-16,23021606.308079984
2025-09-17,23068210.158079986
2025-09-18,23571360.748079985
2025-09-19,23313363.008079983
2025-09-22,23092086.188079987
2025-09-23,22940942.178079978
2025-09-24,23060263.368079994
2025-09-25,22832184.748079978
2025-09-26,22686534.588079985
2025-09-29,23106777.848079983
2025-09-30,23345162.998079993
2025-10-02,23206459.504039977
