调仓日,证券代码
2017/1/24,0175.HK
2017/1/24,1988.HK
2017/1/24,1635.HK
2017/1/24,2238.HK
2017/1/24,1128.HK
2017/1/24,1288.HK
2017/1/24,0868.HK
2017/1/24,2588.HK
2017/1/24,1359.HK
2017/1/24,0941.HK
2017/1/24,0998.HK
2017/1/24,0604.HK
2017/1/24,0881.HK
2017/1/24,1658.HK
2017/1/24,0027.HK
2017/1/24,2388.HK
2017/1/24,1336.HK
2017/1/24,0728.HK
2017/1/24,0148.HK
2017/1/24,6818.HK
2017/1/24,6099.HK
2017/1/24,0939.HK
2017/1/24,0425.HK
2017/1/24,3328.HK
2017/1/24,1628.HK
2017/1/24,0658.HK
2017/1/24,0003.HK
2017/1/24,1199.HK
2017/1/24,0002.HK
2017/1/24,1928.HK
2017/10/31,1113.HK
2017/10/31,1928.HK
2017/10/31,3988.HK
2017/10/31,0656.HK
2017/10/31,0683.HK
2017/10/31,0321.HK
2017/10/31,2601.HK
2017/10/31,0168.HK
2017/10/31,1177.HK
2017/10/31,1199.HK
2017/10/31,0027.HK
2017/10/31,2600.HK
2017/10/31,0439.HK
2017/10/31,0175.HK
2017/10/31,0914.HK
2017/10/31,0762.HK
2017/10/31,1918.HK
2017/10/31,0884.HK
2017/10/31,1308.HK
2017/10/31,1098.HK
2017/10/31,1088.HK
2017/10/31,2202.HK
2017/10/31,1478.HK
2017/10/31,1128.HK
2017/10/31,2628.HK
2017/10/31,0345.HK
2017/10/31,1316.HK
2017/10/31,0960.HK
2017/10/31,2319.HK
2017/10/31,0337.HK
2017/11/30,1918.HK
2017/11/30,0175.HK
2017/11/30,0027.HK
2017/11/30,0008.HK
2017/11/30,1098.HK
2017/11/30,0960.HK
2017/11/30,1478.HK
2017/11/30,0012.HK
2017/11/30,0179.HK
2017/11/30,1310.HK
2017/11/30,0700.HK
2017/11/30,0548.HK
2017/11/30,0884.HK
2017/11/30,0291.HK
2017/11/30,0011.HK
2017/11/30,0019.HK
2017/11/30,0966.HK
2017/11/30,0392.HK
2017/11/30,1128.HK
2017/11/30,1288.HK
2017/11/30,2888.HK
2017/11/30,3988.HK
2017/11/30,0683.HK
2017/11/30,2600.HK
2017/11/30,0165.HK
2017/11/30,0345.HK
2017/11/30,0586.HK
2017/11/30,2007.HK
2017/11/30,3377.HK
2017/11/30,1972.HK
2017/12/29,1918.HK
2017/12/29,0175.HK
2017/12/29,1928.HK
2017/12/29,0291.HK
2017/12/29,1113.HK
2017/12/29,0884.HK
2017/12/29,2588.HK
2017/12/29,0168.HK
2017/12/29,0019.HK
2017/12/29,1088.HK
2017/12/29,0322.HK
2017/12/29,0941.HK
2017/12/29,0010.HK
2017/12/29,1098.HK
2017/12/29,0392.HK
2017/12/29,2202.HK
2017/12/29,1972.HK
2017/12/29,0008.HK
2017/12/29,1478.HK
2017/12/29,2888.HK
2017/12/29,0762.HK
2017/12/29,0027.HK
2017/12/29,3380.HK
2017/12/29,0683.HK
2017/12/29,0179.HK
2017/12/29,0659.HK
2017/12/29,0425.HK
2017/12/29,0337.HK
2017/12/29,0867.HK
2017/12/29,3988.HK
2017/2/28,2388.HK
2017/2/28,0607.HK
2017/2/28,0005.HK
2017/2/28,0874.HK
2017/2/28,1128.HK
2017/2/28,0175.HK
2017/2/28,3618.HK
2017/2/28,0694.HK
2017/2/28,0148.HK
2017/2/28,0003.HK
2017/2/28,0700.HK
2017/2/28,2588.HK
2017/2/28,1113.HK
2017/2/28,6818.HK
2017/2/28,1336.HK
2017/2/28,0941.HK
2017/2/28,0392.HK
2017/2/28,0135.HK
2017/2/28,1044.HK
2017/2/28,0656.HK
2017/2/28,1776.HK
2017/2/28,0101.HK
2017/2/28,0004.HK
2017/2/28,0200.HK
2017/2/28,6178.HK
2017/2/28,0998.HK
2017/2/28,1199.HK
2017/2/28,0363.HK
2017/2/28,0981.HK
2017/2/28,1359.HK
2017/3/29,1658.HK
2017/3/29,1310.HK
2017/3/29,0941.HK
2017/3/29,2388.HK
2017/3/29,0881.HK
2017/3/29,0939.HK
2017/3/29,0175.HK
2017/3/29,0386.HK
2017/3/29,1628.HK
2017/3/29,1088.HK
2017/3/29,0004.HK
2017/3/29,3618.HK
2017/3/29,1888.HK
2017/3/29,2588.HK
2017/3/29,1128.HK
2017/3/29,0874.HK
2017/3/29,0135.HK
2017/3/29,0696.HK
2017/3/29,6808.HK
2017/3/29,0347.HK
2017/3/29,0819.HK
2017/3/29,0680.HK
2017/3/29,1882.HK
2017/3/29,0148.HK
2017/3/29,0799.HK
2017/3/29,1299.HK
2017/3/29,0003.HK
2017/3/29,0656.HK
2017/3/29,0506.HK
2017/3/29,0392.HK
2017/4/28,0386.HK
2017/4/28,1610.HK
2017/4/28,0546.HK
2017/4/28,0921.HK
2017/4/28,0669.HK
2017/4/28,1033.HK
2017/4/28,0895.HK
2017/4/28,0700.HK
2017/4/28,0868.HK
2017/4/28,1083.HK
2017/4/28,0981.HK
2017/4/28,0027.HK
2017/4/28,1888.HK
2017/4/28,6066.HK
2017/4/28,0267.HK
2017/4/28,3377.HK
2017/4/28,0175.HK
2017/4/28,1988.HK
2017/4/28,0004.HK
2017/4/28,1128.HK
2017/4/28,0696.HK
2017/4/28,6818.HK
2017/4/28,0123.HK
2017/4/28,1193.HK
2017/4/28,1628.HK
2017/4/28,3808.HK
2017/4/28,3328.HK
2017/4/28,2007.HK
2017/4/28,0285.HK
2017/4/28,0288.HK
2017/5/31,0148.HK
2017/5/31,2588.HK
2017/5/31,0027.HK
2017/5/31,1088.HK
2017/5/31,3377.HK
2017/5/31,1610.HK
2017/5/31,0288.HK
2017/5/31,0700.HK
2017/5/31,0960.HK
2017/5/31,1083.HK
2017/5/31,0017.HK
2017/5/31,1988.HK
2017/5/31,3328.HK
2017/5/31,0522.HK
2017/5/31,1030.HK
2017/5/31,1888.HK
2017/5/31,0981.HK
2017/5/31,0200.HK
2017/5/31,6808.HK
2017/5/31,0819.HK
2017/5/31,2382.HK
2017/5/31,1628.HK
2017/5/31,2331.HK
2017/5/31,3396.HK
2017/5/31,0142.HK
2017/5/31,6818.HK
2017/5/31,0440.HK
2017/5/31,2007.HK
2017/5/31,0004.HK
2017/5/31,0728.HK
2017/6/30,1138.HK
2017/6/30,0148.HK
2017/6/30,0200.HK
2017/6/30,1888.HK
2017/6/30,0881.HK
2017/6/30,0386.HK
2017/6/30,2768.HK
2017/6/30,0027.HK
2017/6/30,0696.HK
2017/6/30,0680.HK
2017/6/30,1610.HK
2017/6/30,0268.HK
2017/6/30,0005.HK
2017/6/30,1083.HK
2017/6/30,1033.HK
2017/6/30,0341.HK
2017/6/30,3808.HK
2017/6/30,3900.HK
2017/6/30,2338.HK
2017/6/30,0998.HK
2017/6/30,2588.HK
2017/6/30,0468.HK
2017/6/30,0921.HK
2017/6/30,2331.HK
2017/6/30,0868.HK
2017/6/30,0700.HK
2017/6/30,0728.HK
2017/6/30,0546.HK
2017/6/30,2600.HK
2017/6/30,0123.HK
2017/7/31,0148.HK
2017/7/31,0200.HK
2017/7/31,0921.HK
2017/7/31,2331.HK
2017/7/31,2768.HK
2017/7/31,1138.HK
2017/7/31,0135.HK
2017/7/31,1288.HK
2017/7/31,0546.HK
2017/7/31,0016.HK
2017/7/31,0123.HK
2017/7/31,0939.HK
2017/7/31,1658.HK
2017/7/31,0267.HK
2017/7/31,0966.HK
2017/7/31,0386.HK
2017/7/31,1928.HK
2017/7/31,0175.HK
2017/7/31,1088.HK
2017/7/31,0268.HK
2017/7/31,2600.HK
2017/7/31,0998.HK
2017/7/31,0027.HK
2017/7/31,2007.HK
2017/7/31,1193.HK
2017/7/31,0285.HK
2017/7/31,0960.HK
2017/7/31,1186.HK
2017/7/31,6818.HK
2017/7/31,1628.HK
2017/8/31,0027.HK
2017/8/31,2588.HK
2017/8/31,0881.HK
2017/8/31,1928.HK
2017/8/31,1138.HK
2017/8/31,0939.HK
2017/8/31,2338.HK
2017/8/31,0175.HK
2017/8/31,1628.HK
2017/8/31,2382.HK
2017/8/31,0345.HK
2017/8/31,0680.HK
2017/8/31,1128.HK
2017/8/31,1055.HK
2017/8/31,1088.HK
2017/8/31,0322.HK
2017/8/31,0148.HK
2017/8/31,0966.HK
2017/8/31,0546.HK
2017/8/31,0016.HK
2017/8/31,0004.HK
2017/8/31,3339.HK
2017/8/31,3328.HK
2017/8/31,1083.HK
2017/8/31,1658.HK
2017/8/31,2768.HK
2017/8/31,0696.HK
2017/8/31,0267.HK
2017/8/31,1610.HK
2017/8/31,0468.HK
2017/9/27,1128.HK
2017/9/27,0175.HK
2017/9/27,0322.HK
2017/9/27,2600.HK
2017/9/27,1918.HK
2017/9/27,0321.HK
2017/9/27,1972.HK
2017/9/27,3339.HK
2017/9/27,0012.HK
2017/9/27,0656.HK
2017/9/27,0345.HK
2017/9/27,1478.HK
2017/9/27,0291.HK
2017/9/27,0857.HK
2017/9/27,2331.HK
2017/9/27,0027.HK
2017/9/27,0683.HK
2017/9/27,0439.HK
2017/9/27,1347.HK
2017/9/27,2628.HK
2017/9/27,0966.HK
2017/9/27,0017.HK
2017/9/27,1112.HK
2017/9/27,0440.HK
2017/9/27,0914.HK
2017/9/27,0177.HK
2017/9/27,2689.HK
2017/9/27,0392.HK
2017/9/27,2319.HK
2017/9/27,0016.HK
2018/1/31,1128.HK
2018/1/31,0322.HK
2018/1/31,0960.HK
2018/1/31,1098.HK
2018/1/31,1918.HK
2018/1/31,0011.HK
2018/1/31,1972.HK
2018/1/31,0884.HK
2018/1/31,1113.HK
2018/1/31,0175.HK
2018/1/31,2588.HK
2018/1/31,1310.HK
2018/1/31,2628.HK
2018/1/31,0656.HK
2018/1/31,0683.HK
2018/1/31,1980.HK
2018/1/31,0586.HK
2018/1/31,0101.HK
2018/1/31,2269.HK
2018/1/31,1038.HK
2018/1/31,1398.HK
2018/1/31,0019.HK
2018/1/31,0425.HK
2018/1/31,1359.HK
2018/1/31,0291.HK
2018/1/31,0762.HK
2018/1/31,0966.HK
2018/1/31,0700.HK
2018/1/31,1316.HK
2018/1/31,0694.HK
2018/10/31,0857.HK
2018/10/31,1098.HK
2018/10/31,2319.HK
2018/10/31,0883.HK
2018/10/31,2588.HK
2018/10/31,3301.HK
2018/10/31,0322.HK
2018/10/31,1898.HK
2018/10/31,0291.HK
2018/10/31,1310.HK
2018/10/31,0586.HK
2018/10/31,0659.HK
2018/10/31,0902.HK
2018/10/31,2768.HK
2018/10/31,1193.HK
2018/10/31,1208.HK
2018/10/31,2338.HK
2018/10/31,0916.HK
2018/10/31,1929.HK
2018/10/31,0315.HK
2018/10/31,0268.HK
2018/10/31,0014.HK
2018/10/31,0135.HK
2018/10/31,0991.HK
2018/10/31,0323.HK
2018/10/31,2877.HK
2018/10/31,6808.HK
2018/10/31,1052.HK
2018/10/31,0177.HK
2018/10/31,0003.HK
2018/11/30,0857.HK
2018/11/30,0883.HK
2018/11/30,1208.HK
2018/11/30,0586.HK
2018/11/30,2768.HK
2018/11/30,0902.HK
2018/11/30,0659.HK
2018/11/30,2331.HK
2018/11/30,2588.HK
2018/11/30,0291.HK
2018/11/30,2233.HK
2018/11/30,0268.HK
2018/11/30,0014.HK
2018/11/30,0322.HK
2018/11/30,3899.HK
2018/11/30,0177.HK
2018/11/30,1898.HK
2018/11/30,0054.HK
2018/11/30,6808.HK
2018/11/30,2899.HK
2018/11/30,1658.HK
2018/11/30,0315.HK
2018/11/30,1070.HK
2018/11/30,2877.HK
2018/11/30,1052.HK
2018/11/30,1929.HK
2018/11/30,1109.HK
2018/11/30,2611.HK
2018/11/30,0136.HK
2018/11/30,2319.HK
2018/12/24,1966.HK
2018/12/24,1883.HK
2018/12/24,0883.HK
2018/12/24,2319.HK
2018/12/24,2338.HK
2018/12/24,2331.HK
2018/12/24,3301.HK
2018/12/24,0548.HK
2018/12/24,1658.HK
2018/12/24,2899.HK
2018/12/24,0857.HK
2018/12/24,0728.HK
2018/12/24,2233.HK
2018/12/24,0002.HK
2018/12/24,1052.HK
2018/12/24,0123.HK
2018/12/24,0386.HK
2018/12/24,1193.HK
2018/12/24,1310.HK
2018/12/24,0941.HK
2018/12/24,0737.HK
2018/12/24,0136.HK
2018/12/24,0323.HK
2018/12/24,0315.HK
2018/12/24,0384.HK
2018/12/24,0135.HK
2018/12/24,1972.HK
2018/12/24,3899.HK
2018/12/24,0788.HK
2018/12/24,2768.HK
2018/2/28,1128.HK
2018/2/28,1972.HK
2018/2/28,1113.HK
2018/2/28,1918.HK
2018/2/28,0291.HK
2018/2/28,0175.HK
2018/2/28,2601.HK
2018/2/28,0700.HK
2018/2/28,1980.HK
2018/2/28,0066.HK
2018/2/28,1928.HK
2018/2/28,0177.HK
2018/2/28,0322.HK
2018/2/28,2020.HK
2018/2/28,0011.HK
2018/2/28,2388.HK
2018/2/28,1313.HK
2018/2/28,1098.HK
2018/2/28,0179.HK
2018/2/28,0853.HK
2018/2/28,1088.HK
2018/2/28,1316.HK
2018/2/28,2799.HK
2018/2/28,0683.HK
2018/2/28,1317.HK
2018/2/28,0522.HK
2018/2/28,2338.HK
2018/2/28,0586.HK
2018/2/28,1038.HK
2018/2/28,3339.HK
2018/3/29,0291.HK
2018/3/29,1098.HK
2018/3/29,1310.HK
2018/3/29,0548.HK
2018/3/29,1113.HK
2018/3/29,0853.HK
2018/3/29,0019.HK
2018/3/29,2331.HK
2018/3/29,1918.HK
2018/3/29,1972.HK
2018/3/29,3380.HK
2018/3/29,1622.HK
2018/3/29,0322.HK
2018/3/29,1313.HK
2018/3/29,0656.HK
2018/3/29,0002.HK
2018/3/29,1128.HK
2018/3/29,1288.HK
2018/3/29,0152.HK
2018/3/29,0012.HK
2018/3/29,1816.HK
2018/3/29,0683.HK
2018/3/29,1999.HK
2018/3/29,2799.HK
2018/3/29,2588.HK
2018/3/29,2007.HK
2018/3/29,0881.HK
2018/3/29,0017.HK
2018/3/29,3383.HK
2018/3/29,0709.HK
2018/4/25,0772.HK
2018/4/25,0027.HK
2018/4/25,1128.HK
2018/4/25,2588.HK
2018/4/25,1918.HK
2018/4/25,1098.HK
2018/4/25,1928.HK
2018/4/25,0683.HK
2018/4/25,1980.HK
2018/4/25,3323.HK
2018/4/25,1513.HK
2018/4/25,0291.HK
2018/4/25,0069.HK
2018/4/25,1083.HK
2018/4/25,1088.HK
2018/4/25,2388.HK
2018/4/25,1997.HK
2018/4/25,0656.HK
2018/4/25,0012.HK
2018/4/25,1288.HK
2018/4/25,0867.HK
2018/4/25,0700.HK
2018/4/25,2238.HK
2018/4/25,0215.HK
2018/4/25,0914.HK
2018/4/25,0023.HK
2018/4/25,2233.HK
2018/4/25,0005.HK
2018/4/25,1177.HK
2018/4/25,2282.HK
2018/5/31,1918.HK
2018/5/31,1928.HK
2018/5/31,1098.HK
2018/5/31,0215.HK
2018/5/31,0883.HK
2018/5/31,0019.HK
2018/5/31,1308.HK
2018/5/31,0291.HK
2018/5/31,0857.HK
2018/5/31,0014.HK
2018/5/31,1980.HK
2018/5/31,1193.HK
2018/5/31,0737.HK
2018/5/31,0005.HK
2018/5/31,0322.HK
2018/5/31,1310.HK
2018/5/31,1816.HK
2018/5/31,0819.HK
2018/5/31,0168.HK
2018/5/31,0853.HK
2018/5/31,1128.HK
2018/5/31,0119.HK
2018/5/31,0598.HK
2018/5/31,1398.HK
2018/5/31,2388.HK
2018/5/31,2233.HK
2018/5/31,0916.HK
2018/5/31,1288.HK
2018/5/31,1513.HK
2018/5/31,1169.HK
2018/6/29,0215.HK
2018/6/29,0857.HK
2018/6/29,1098.HK
2018/6/29,1918.HK
2018/6/29,1113.HK
2018/6/29,1310.HK
2018/6/29,1972.HK
2018/6/29,0087.HK
2018/6/29,1928.HK
2018/6/29,0019.HK
2018/6/29,0293.HK
2018/6/29,2688.HK
2018/6/29,0960.HK
2018/6/29,0017.HK
2018/6/29,0883.HK
2018/6/29,0322.HK
2018/6/29,0548.HK
2018/6/29,3808.HK
2018/6/29,6808.HK
2018/6/29,0347.HK
2018/6/29,1083.HK
2018/6/29,0772.HK
2018/6/29,1929.HK
2018/6/29,0083.HK
2018/6/29,0737.HK
2018/6/29,1128.HK
2018/6/29,0700.HK
2018/6/29,1618.HK
2018/6/29,2588.HK
2018/6/29,1816.HK
2018/7/31,1098.HK
2018/7/31,1310.HK
2018/7/31,0857.HK
2018/7/31,0883.HK
2018/7/31,0027.HK
2018/7/31,0215.HK
2018/7/31,0700.HK
2018/7/31,1128.HK
2018/7/31,0683.HK
2018/7/31,0017.HK
2018/7/31,0322.HK
2018/7/31,1313.HK
2018/7/31,0916.HK
2018/7/31,1816.HK
2018/7/31,0345.HK
2018/7/31,1918.HK
2018/7/31,0656.HK
2018/7/31,0914.HK
2018/7/31,0512.HK
2018/7/31,1288.HK
2018/7/31,0390.HK
2018/7/31,0762.HK
2018/7/31,0728.HK
2018/7/31,1070.HK
2018/7/31,0087.HK
2018/7/31,3323.HK
2018/7/31,1088.HK
2018/7/31,0832.HK
2018/7/31,0291.HK
2018/7/31,0548.HK
2018/8/31,0857.HK
2018/8/31,1928.HK
2018/8/31,0902.HK
2018/8/31,2588.HK
2018/8/31,1098.HK
2018/8/31,0322.HK
2018/8/31,1052.HK
2018/8/31,0087.HK
2018/8/31,0512.HK
2018/8/31,0883.HK
2018/8/31,0027.HK
2018/8/31,1997.HK
2018/8/31,1310.HK
2018/8/31,0700.HK
2018/8/31,1193.HK
2018/8/31,6869.HK
2018/8/31,0168.HK
2018/8/31,0548.HK
2018/8/31,0737.HK
2018/8/31,0586.HK
2018/8/31,0772.HK
2018/8/31,3988.HK
2018/8/31,0002.HK
2018/8/31,6808.HK
2018/8/31,0853.HK
2018/8/31,0008.HK
2018/8/31,1089.HK
2018/8/31,0270.HK
2018/8/31,0728.HK
2018/8/31,0066.HK
2018/9/26,1098.HK
2018/9/26,1310.HK
2018/9/26,0902.HK
2018/9/26,2338.HK
2018/9/26,0291.HK
2018/9/26,6808.HK
2018/9/26,1997.HK
2018/9/26,0014.HK
2018/9/26,1972.HK
2018/9/26,0322.HK
2018/9/26,0386.HK
2018/9/26,3606.HK
2018/9/26,1288.HK
2018/9/26,0916.HK
2018/9/26,0017.HK
2018/9/26,0857.HK
2018/9/26,0941.HK
2018/9/26,1208.HK
2018/9/26,0914.HK
2018/9/26,0728.HK
2018/9/26,1052.HK
2018/9/26,3899.HK
2018/9/26,2588.HK
2018/9/26,1928.HK
2018/9/26,0669.HK
2018/9/26,0345.HK
2018/9/26,1898.HK
2018/9/26,0966.HK
2018/9/26,0737.HK
2018/9/26,0337.HK
2019/1/30,0291.HK
2019/1/30,0737.HK
2019/1/30,0880.HK
2019/1/30,0386.HK
2019/1/30,1883.HK
2019/1/30,2331.HK
2019/1/30,0762.HK
2019/1/30,0014.HK
2019/1/30,0003.HK
2019/1/30,0384.HK
2019/1/30,0836.HK
2019/1/30,0659.HK
2019/1/30,0220.HK
2019/1/30,6808.HK
2019/1/30,1193.HK
2019/1/30,0136.HK
2019/1/30,0054.HK
2019/1/30,1997.HK
2019/1/30,0914.HK
2019/1/30,2233.HK
2019/1/30,0874.HK
2019/1/30,1317.HK
2019/1/30,0002.HK
2019/1/30,0341.HK
2019/1/30,0683.HK
2019/1/30,2768.HK
2019/1/30,0941.HK
2019/1/30,2899.HK
2019/1/30,1787.HK
2019/1/30,0960.HK
2019/10/31,1918.HK
2019/10/31,0291.HK
2019/10/31,1928.HK
2019/10/31,0168.HK
2019/10/31,1052.HK
2019/10/31,2282.HK
2019/10/31,1398.HK
2019/10/31,0700.HK
2019/10/31,0322.HK
2019/10/31,0868.HK
2019/10/31,0817.HK
2019/10/31,1513.HK
2019/10/31,3933.HK
2019/10/31,2628.HK
2019/10/31,0551.HK
2019/10/31,0017.HK
2019/10/31,2601.HK
2019/10/31,6099.HK
2019/10/31,3998.HK
2019/10/31,0667.HK
2019/10/31,0880.HK
2019/10/31,1339.HK
2019/10/31,2799.HK
2019/10/31,0152.HK
2019/10/31,0604.HK
2019/10/31,1169.HK
2019/10/31,1071.HK
2019/10/31,1508.HK
2019/10/31,0548.HK
2019/10/31,0631.HK
2019/11/29,1310.HK
2019/11/29,1052.HK
2019/11/29,1308.HK
2019/11/29,0291.HK
2019/11/29,0551.HK
2019/11/29,1816.HK
2019/11/29,0817.HK
2019/11/29,1128.HK
2019/11/29,0788.HK
2019/11/29,2380.HK
2019/11/29,0008.HK
2019/11/29,0604.HK
2019/11/29,1071.HK
2019/11/29,1513.HK
2019/11/29,0168.HK
2019/11/29,0173.HK
2019/11/29,2601.HK
2019/11/29,1919.HK
2019/11/29,2269.HK
2019/11/29,0151.HK
2019/11/29,0868.HK
2019/11/29,0200.HK
2019/11/29,1299.HK
2019/11/29,1658.HK
2019/11/29,0881.HK
2019/11/29,0341.HK
2019/11/29,3618.HK
2019/11/29,1169.HK
2019/11/29,2319.HK
2019/11/29,0242.HK
2019/12/31,2628.HK
2019/12/31,1310.HK
2019/12/31,0604.HK
2019/12/31,1658.HK
2019/12/31,1918.HK
2019/12/31,0291.HK
2019/12/31,1128.HK
2019/12/31,1816.HK
2019/12/31,1398.HK
2019/12/31,2601.HK
2019/12/31,2380.HK
2019/12/31,2313.HK
2019/12/31,0636.HK
2019/12/31,0173.HK
2019/12/31,1070.HK
2019/12/31,0881.HK
2019/12/31,0902.HK
2019/12/31,0168.HK
2019/12/31,1109.HK
2019/12/31,2319.HK
2019/12/31,1919.HK
2019/12/31,0880.HK
2019/12/31,2282.HK
2019/12/31,0817.HK
2019/12/31,0966.HK
2019/12/31,1898.HK
2019/12/31,3933.HK
2019/12/31,2588.HK
2019/12/31,0016.HK
2019/12/31,1052.HK
2019/2/28,0386.HK
2019/2/28,0883.HK
2019/2/28,1883.HK
2019/2/28,0054.HK
2019/2/28,0548.HK
2019/2/28,3328.HK
2019/2/28,0941.HK
2019/2/28,0016.HK
2019/2/28,2338.HK
2019/2/28,2588.HK
2019/2/28,0002.HK
2019/2/28,0916.HK
2019/2/28,0003.HK
2019/2/28,1113.HK
2019/2/28,1918.HK
2019/2/28,1966.HK
2019/2/28,1997.HK
2019/2/28,0902.HK
2019/2/28,2233.HK
2019/2/28,2331.HK
2019/2/28,2318.HK
2019/2/28,2269.HK
2019/2/28,1089.HK
2019/2/28,2005.HK
2019/2/28,0087.HK
2019/2/28,0683.HK
2019/2/28,0762.HK
2019/2/28,0857.HK
2019/2/28,0165.HK
2019/2/28,0101.HK
2019/3/29,0883.HK
2019/3/29,1052.HK
2019/3/29,1313.HK
2019/3/29,0788.HK
2019/3/29,0902.HK
2019/3/29,0586.HK
2019/3/29,2386.HK
2019/3/29,2588.HK
2019/3/29,0683.HK
2019/3/29,1997.HK
2019/3/29,1918.HK
2019/3/29,0386.HK
2019/3/29,2338.HK
2019/3/29,0762.HK
2019/3/29,1113.HK
2019/3/29,1928.HK
2019/3/29,2319.HK
2019/3/29,0921.HK
2019/3/29,1883.HK
2019/3/29,0135.HK
2019/3/29,0384.HK
2019/3/29,0669.HK
2019/3/29,0960.HK
2019/3/29,2331.HK
2019/3/29,3606.HK
2019/3/29,0916.HK
2019/3/29,6088.HK
2019/3/29,0123.HK
2019/3/29,1658.HK
2019/3/29,3323.HK
2019/4/26,2338.HK
2019/4/26,0267.HK
2019/4/26,0728.HK
2019/4/26,2319.HK
2019/4/26,0762.HK
2019/4/26,1918.HK
2019/4/26,0669.HK
2019/4/26,0493.HK
2019/4/26,0548.HK
2019/4/26,1157.HK
2019/4/26,2331.HK
2019/4/26,0857.HK
2019/4/26,0535.HK
2019/4/26,0011.HK
2019/4/26,0003.HK
2019/4/26,0874.HK
2019/4/26,6098.HK
2019/4/26,1071.HK
2019/4/26,0177.HK
2019/4/26,1336.HK
2019/4/26,1070.HK
2019/4/26,1310.HK
2019/4/26,1658.HK
2019/4/26,0883.HK
2019/4/26,2601.HK
2019/4/26,0631.HK
2019/4/26,1717.HK
2019/4/26,1997.HK
2019/4/26,1898.HK
2019/4/26,0788.HK
2019/5/31,6098.HK
2019/5/31,1918.HK
2019/5/31,0762.HK
2019/5/31,0267.HK
2019/5/31,0548.HK
2019/5/31,0003.HK
2019/5/31,0493.HK
2019/5/31,2319.HK
2019/5/31,1157.HK
2019/5/31,1052.HK
2019/5/31,0960.HK
2019/5/31,0535.HK
2019/5/31,1898.HK
2019/5/31,2331.HK
2019/5/31,3301.HK
2019/5/31,0552.HK
2019/5/31,1806.HK
2019/5/31,3883.HK
2019/5/31,0883.HK
2019/5/31,0386.HK
2019/5/31,2588.HK
2019/5/31,1928.HK
2019/5/31,2233.HK
2019/5/31,0220.HK
2019/5/31,0168.HK
2019/5/31,1766.HK
2019/5/31,0546.HK
2019/5/31,1070.HK
2019/5/31,0388.HK
2019/5/31,1038.HK
2019/6/28,0358.HK
2019/6/28,0960.HK
2019/6/28,0883.HK
2019/6/28,2319.HK
2019/6/28,1071.HK
2019/6/28,1898.HK
2019/6/28,2386.HK
2019/6/28,1766.HK
2019/6/28,0914.HK
2019/6/28,0857.HK
2019/6/28,1313.HK
2019/6/28,3988.HK
2019/6/28,3323.HK
2019/6/28,0546.HK
2019/6/28,2233.HK
2019/6/28,1918.HK
2019/6/28,6818.HK
2019/6/28,0123.HK
2019/6/28,3328.HK
2019/6/28,6098.HK
2019/6/28,1658.HK
2019/6/28,0998.HK
2019/6/28,0323.HK
2019/6/28,0291.HK
2019/6/28,0388.HK
2019/6/28,1193.HK
2019/6/28,1883.HK
2019/6/28,0272.HK
2019/6/28,0386.HK
2019/6/28,1157.HK
2019/7/31,2601.HK
2019/7/31,1918.HK
2019/7/31,0883.HK
2019/7/31,1898.HK
2019/7/31,3988.HK
2019/7/31,2319.HK
2019/7/31,0358.HK
2019/7/31,2338.HK
2019/7/31,0272.HK
2019/7/31,1052.HK
2019/7/31,0493.HK
2019/7/31,2588.HK
2019/7/31,6818.HK
2019/7/31,2386.HK
2019/7/31,3301.HK
2019/7/31,1193.HK
2019/7/31,6098.HK
2019/7/31,0267.HK
2019/7/31,0014.HK
2019/7/31,0291.HK
2019/7/31,1883.HK
2019/7/31,2380.HK
2019/7/31,0392.HK
2019/7/31,0388.HK
2019/7/31,1113.HK
2019/7/31,1313.HK
2019/7/31,1816.HK
2019/7/31,0345.HK
2019/7/31,1038.HK
2019/7/31,3998.HK
2019/8/30,1071.HK
2019/8/30,0960.HK
2019/8/30,0272.HK
2019/8/30,6098.HK
2019/8/30,2588.HK
2019/8/30,0548.HK
2019/8/30,1898.HK
2019/8/30,0883.HK
2019/8/30,2331.HK
2019/8/30,1816.HK
2019/8/30,0535.HK
2019/8/30,1398.HK
2019/8/30,0392.HK
2019/8/30,1128.HK
2019/8/30,0358.HK
2019/8/30,2338.HK
2019/8/30,6818.HK
2019/8/30,0857.HK
2019/8/30,0728.HK
2019/8/30,3328.HK
2019/8/30,1157.HK
2019/8/30,0151.HK
2019/8/30,1918.HK
2019/8/30,0323.HK
2019/8/30,3883.HK
2019/8/30,2318.HK
2019/8/30,0998.HK
2019/8/30,2233.HK
2019/8/30,6169.HK
2019/8/30,0958.HK
2019/9/26,2628.HK
2019/9/26,2331.HK
2019/9/26,2588.HK
2019/9/26,1919.HK
2019/9/26,1816.HK
2019/9/26,1052.HK
2019/9/26,1308.HK
2019/9/26,0168.HK
2019/9/26,6818.HK
2019/9/26,0762.HK
2019/9/26,0291.HK
2019/9/26,3360.HK
2019/9/26,1898.HK
2019/9/26,1508.HK
2019/9/26,3618.HK
2019/9/26,0551.HK
2019/9/26,0384.HK
2019/9/26,1157.HK
2019/9/26,1071.HK
2019/9/26,1658.HK
2019/9/26,1513.HK
2019/9/26,1339.HK
2019/9/26,2318.HK
2019/9/26,0358.HK
2019/9/26,2688.HK
2019/9/26,1918.HK
2019/9/26,2319.HK
2019/9/26,1521.HK
2019/9/26,1787.HK
2019/9/26,1579.HK
2020/1/21,2601.HK
2020/1/21,0291.HK
2020/1/21,2331.HK
2020/1/21,0322.HK
2020/1/21,0788.HK
2020/1/21,1816.HK
2020/1/21,1308.HK
2020/1/21,0168.HK
2020/1/21,0152.HK
2020/1/21,1513.HK
2020/1/21,2628.HK
2020/1/21,2319.HK
2020/1/21,1128.HK
2020/1/21,1310.HK
2020/1/21,3380.HK
2020/1/21,1918.HK
2020/1/21,0551.HK
2020/1/21,1919.HK
2020/1/21,0817.HK
2020/1/21,3618.HK
2020/1/21,1070.HK
2020/1/21,0604.HK
2020/1/21,2688.HK
2020/1/21,0173.HK
2020/1/21,2318.HK
2020/1/21,3323.HK
2020/1/21,0358.HK
2020/1/21,0883.HK
2020/1/21,0636.HK
2020/1/21,3669.HK
2020/10/30,1691.HK
2020/10/30,1308.HK
2020/10/30,1211.HK
2020/10/30,0826.HK
2020/10/30,1883.HK
2020/10/30,6865.HK
2020/10/30,3799.HK
2020/10/30,6160.HK
2020/10/30,3347.HK
2020/10/30,0388.HK
2020/10/30,0960.HK
2020/10/30,6110.HK
2020/10/30,2380.HK
2020/10/30,1398.HK
2020/10/30,1816.HK
2020/10/30,1717.HK
2020/10/30,6881.HK
2020/10/30,0658.HK
2020/10/30,3328.HK
2020/10/30,0493.HK
2020/10/30,2382.HK
2020/10/30,1773.HK
2020/10/30,2319.HK
2020/10/30,1382.HK
2020/10/30,3618.HK
2020/10/30,1513.HK
2020/10/30,3808.HK
2020/10/30,0291.HK
2020/10/30,0322.HK
2020/10/30,0345.HK
2020/11/30,0291.HK
2020/11/30,0322.HK
2020/11/30,3968.HK
2020/11/30,0981.HK
2020/11/30,0388.HK
2020/11/30,6110.HK
2020/11/30,2388.HK
2020/11/30,1585.HK
2020/11/30,0819.HK
2020/11/30,3759.HK
2020/11/30,9633.HK
2020/11/30,0493.HK
2020/11/30,1088.HK
2020/11/30,0960.HK
2020/11/30,6818.HK
2020/11/30,1268.HK
2020/11/30,1044.HK
2020/11/30,1072.HK
2020/11/30,2380.HK
2020/11/30,1787.HK
2020/11/30,2359.HK
2020/11/30,6865.HK
2020/11/30,1308.HK
2020/11/30,3993.HK
2020/11/30,1988.HK
2020/11/30,1608.HK
2020/11/30,0751.HK
2020/11/30,1816.HK
2020/11/30,1691.HK
2020/11/30,1717.HK
2020/12/31,0992.HK
2020/12/31,0819.HK
2020/12/31,0322.HK
2020/12/31,0658.HK
2020/12/31,0839.HK
2020/12/31,0291.HK
2020/12/31,0285.HK
2020/12/31,1211.HK
2020/12/31,3347.HK
2020/12/31,1308.HK
2020/12/31,0168.HK
2020/12/31,0700.HK
2020/12/31,0981.HK
2020/12/31,9668.HK
2020/12/31,6060.HK
2020/12/31,1717.HK
2020/12/31,3618.HK
2020/12/31,0881.HK
2020/12/31,1773.HK
2020/12/31,6865.HK
2020/12/31,6818.HK
2020/12/31,3759.HK
2020/12/31,2400.HK
2020/12/31,1208.HK
2020/12/31,0960.HK
2020/12/31,1883.HK
2020/12/31,6110.HK
2020/12/31,1988.HK
2020/12/31,9926.HK
2020/12/31,1585.HK
2020/2/28,2628.HK
2020/2/28,0173.HK
2020/2/28,0754.HK
2020/2/28,2588.HK
2020/2/28,1052.HK
2020/2/28,0667.HK
2020/2/28,2331.HK
2020/2/28,0788.HK
2020/2/28,0152.HK
2020/2/28,1658.HK
2020/2/28,1928.HK
2020/2/28,0008.HK
2020/2/28,0322.HK
2020/2/28,1066.HK
2020/2/28,0168.HK
2020/2/28,0700.HK
2020/2/28,0006.HK
2020/2/28,2269.HK
2020/2/28,6169.HK
2020/2/28,0548.HK
2020/2/28,1513.HK
2020/2/28,1308.HK
2020/2/28,1918.HK
2020/2/28,1310.HK
2020/2/28,0220.HK
2020/2/28,3323.HK
2020/2/28,2689.HK
2020/2/28,2318.HK
2020/2/28,0853.HK
2020/2/28,3799.HK
2020/3/31,1658.HK
2020/3/31,1310.HK
2020/3/31,3933.HK
2020/3/31,0817.HK
2020/3/31,0826.HK
2020/3/31,0152.HK
2020/3/31,1398.HK
2020/3/31,0291.HK
2020/3/31,0604.HK
2020/3/31,2688.HK
2020/3/31,0754.HK
2020/3/31,6169.HK
2020/3/31,1308.HK
2020/3/31,2689.HK
2020/3/31,3380.HK
2020/3/31,3331.HK
2020/3/31,2628.HK
2020/3/31,3323.HK
2020/3/31,0493.HK
2020/3/31,1513.HK
2020/3/31,0743.HK
2020/3/31,1883.HK
2020/3/31,1071.HK
2020/3/31,6808.HK
2020/3/31,0700.HK
2020/3/31,1070.HK
2020/3/31,1066.HK
2020/3/31,2269.HK
2020/3/31,1109.HK
2020/3/31,0788.HK
2020/4/27,2688.HK
2020/4/27,3323.HK
2020/4/27,0322.HK
2020/4/27,6066.HK
2020/4/27,0220.HK
2020/4/27,0788.HK
2020/4/27,1310.HK
2020/4/27,1138.HK
2020/4/27,0813.HK
2020/4/27,1157.HK
2020/4/27,1883.HK
2020/4/27,3360.HK
2020/4/27,3933.HK
2020/4/27,1513.HK
2020/4/27,2328.HK
2020/4/27,2601.HK
2020/4/27,0291.HK
2020/4/27,0152.HK
2020/4/27,1776.HK
2020/4/27,2001.HK
2020/4/27,1398.HK
2020/4/27,1066.HK
2020/4/27,0288.HK
2020/4/27,6881.HK
2020/4/27,0867.HK
2020/4/27,0916.HK
2020/4/27,0817.HK
2020/4/27,1988.HK
2020/4/27,1313.HK
2020/4/27,1765.HK
2020/5/29,0322.HK
2020/5/29,2688.HK
2020/5/29,3331.HK
2020/5/29,0291.HK
2020/5/29,0168.HK
2020/5/29,0861.HK
2020/5/29,1138.HK
2020/5/29,1308.HK
2020/5/29,1169.HK
2020/5/29,0220.HK
2020/5/29,1193.HK
2020/5/29,0826.HK
2020/5/29,1919.HK
2020/5/29,1071.HK
2020/5/29,1268.HK
2020/5/29,1478.HK
2020/5/29,0817.HK
2020/5/29,6066.HK
2020/5/29,2331.HK
2020/5/29,1288.HK
2020/5/29,1816.HK
2020/5/29,1776.HK
2020/5/29,0631.HK
2020/5/29,0788.HK
2020/5/29,0881.HK
2020/5/29,0853.HK
2020/5/29,3323.HK
2020/5/29,0669.HK
2020/5/29,3339.HK
2020/5/29,0700.HK
2020/6/30,1776.HK
2020/6/30,0322.HK
2020/6/30,6881.HK
2020/6/30,1268.HK
2020/6/30,0008.HK
2020/6/30,0836.HK
2020/6/30,1585.HK
2020/6/30,0291.HK
2020/6/30,0998.HK
2020/6/30,2688.HK
2020/6/30,2382.HK
2020/6/30,1478.HK
2020/6/30,0168.HK
2020/6/30,1169.HK
2020/6/30,1787.HK
2020/6/30,0700.HK
2020/6/30,1513.HK
2020/6/30,1919.HK
2020/6/30,1071.HK
2020/6/30,2128.HK
2020/6/30,0861.HK
2020/6/30,2233.HK
2020/6/30,0981.HK
2020/6/30,2331.HK
2020/6/30,1308.HK
2020/6/30,6066.HK
2020/6/30,0817.HK
2020/6/30,1288.HK
2020/6/30,2001.HK
2020/6/30,0512.HK
2020/7/31,1070.HK
2020/7/31,2688.HK
2020/7/31,3323.HK
2020/7/31,1776.HK
2020/7/31,0291.HK
2020/7/31,0813.HK
2020/7/31,2628.HK
2020/7/31,6110.HK
2020/7/31,1929.HK
2020/7/31,0853.HK
2020/7/31,0220.HK
2020/7/31,0826.HK
2020/7/31,1169.HK
2020/7/31,0512.HK
2020/7/31,1268.HK
2020/7/31,0788.HK
2020/7/31,1883.HK
2020/7/31,0861.HK
2020/7/31,0322.HK
2020/7/31,6066.HK
2020/7/31,0777.HK
2020/7/31,2338.HK
2020/7/31,1308.HK
2020/7/31,1585.HK
2020/7/31,0981.HK
2020/7/31,0168.HK
2020/7/31,0267.HK
2020/7/31,2331.HK
2020/7/31,1478.HK
2020/7/31,6862.HK
2020/8/31,0981.HK
2020/8/31,0939.HK
2020/8/31,3360.HK
2020/8/31,0322.HK
2020/8/31,1211.HK
2020/8/31,0008.HK
2020/8/31,2611.HK
2020/8/31,2628.HK
2020/8/31,0817.HK
2020/8/31,1478.HK
2020/8/31,0670.HK
2020/8/31,1919.HK
2020/8/31,6066.HK
2020/8/31,2869.HK
2020/8/31,0631.HK
2020/8/31,0921.HK
2020/8/31,0853.HK
2020/8/31,1268.HK
2020/8/31,0285.HK
2020/8/31,0168.HK
2020/8/31,3331.HK
2020/8/31,1169.HK
2020/8/31,0861.HK
2020/8/31,1398.HK
2020/8/31,1776.HK
2020/8/31,2282.HK
2020/8/31,2103.HK
2020/8/31,1929.HK
2020/8/31,0288.HK
2020/8/31,2727.HK
2020/9/28,3759.HK
2020/9/28,0826.HK
2020/9/28,1929.HK
2020/9/28,0285.HK
2020/9/28,2359.HK
2020/9/28,1691.HK
2020/9/28,6160.HK
2020/9/28,1211.HK
2020/9/28,0700.HK
2020/9/28,3347.HK
2020/9/28,6110.HK
2020/9/28,1818.HK
2020/9/28,3933.HK
2020/9/28,0388.HK
2020/9/28,6865.HK
2020/9/28,6808.HK
2020/9/28,0658.HK
2020/9/28,1093.HK
2020/9/28,1308.HK
2020/9/28,0522.HK
2020/9/28,1585.HK
2020/9/28,3968.HK
2020/9/28,0322.HK
2020/9/28,1883.HK
2020/9/28,3383.HK
2020/9/28,0586.HK
2020/9/28,3799.HK
2020/9/28,0881.HK
2020/9/28,1717.HK
2020/9/28,3808.HK
2021/1/29,3808.HK
2021/1/29,1211.HK
2021/1/29,9668.HK
2021/1/29,0839.HK
2021/1/29,6865.HK
2021/1/29,1585.HK
2021/1/29,3759.HK
2021/1/29,9633.HK
2021/1/29,0168.HK
2021/1/29,2103.HK
2021/1/29,6110.HK
2021/1/29,2359.HK
2021/1/29,0992.HK
2021/1/29,1988.HK
2021/1/29,1765.HK
2021/1/29,1691.HK
2021/1/29,1208.HK
2021/1/29,0631.HK
2021/1/29,2380.HK
2021/1/29,2388.HK
2021/1/29,6160.HK
2021/1/29,2269.HK
2021/1/29,0855.HK
2021/1/29,6169.HK
2021/1/29,6078.HK
2021/1/29,0345.HK
2021/1/29,1478.HK
2021/1/29,2601.HK
2021/1/29,0819.HK
2021/1/29,0669.HK
2021/10/29,1308.HK
2021/10/29,0683.HK
2021/10/29,1972.HK
2021/10/29,2331.HK
2021/10/29,3988.HK
2021/10/29,0392.HK
2021/10/29,0177.HK
2021/10/29,1883.HK
2021/10/29,0005.HK
2021/10/29,0883.HK
2021/10/29,6055.HK
2021/10/29,2600.HK
2021/10/29,0631.HK
2021/10/29,1193.HK
2021/10/29,6690.HK
2021/10/29,2020.HK
2021/10/29,0303.HK
2021/10/29,0763.HK
2021/10/29,0941.HK
2021/10/29,3618.HK
2021/10/29,1992.HK
2021/10/29,1339.HK
2021/10/29,0881.HK
2021/10/29,0151.HK
2021/10/29,1268.HK
2021/10/29,0665.HK
2021/10/29,0135.HK
2021/10/29,1999.HK
2021/10/29,0966.HK
2021/10/29,2678.HK
2021/11/30,0005.HK
2021/11/30,1919.HK
2021/11/30,1907.HK
2021/11/30,2020.HK
2021/11/30,0392.HK
2021/11/30,2319.HK
2021/11/30,0144.HK
2021/11/30,0992.HK
2021/11/30,0012.HK
2021/11/30,1929.HK
2021/11/30,3669.HK
2021/11/30,0548.HK
2021/11/30,1308.HK
2021/11/30,6690.HK
2021/11/30,0291.HK
2021/11/30,1088.HK
2021/11/30,1585.HK
2021/11/30,2688.HK
2021/11/30,0003.HK
2021/11/30,0883.HK
2021/11/30,1038.HK
2021/11/30,1898.HK
2021/11/30,0788.HK
2021/11/30,1378.HK
2021/11/30,6055.HK
2021/11/30,2269.HK
2021/11/30,0135.HK
2021/11/30,0763.HK
2021/11/30,2628.HK
2021/11/30,0576.HK
2021/12/28,0881.HK
2021/12/28,0392.HK
2021/12/28,0144.HK
2021/12/28,1929.HK
2021/12/28,1308.HK
2021/12/28,1992.HK
2021/12/28,1898.HK
2021/12/28,2678.HK
2021/12/28,0941.HK
2021/12/28,0363.HK
2021/12/28,1658.HK
2021/12/28,0347.HK
2021/12/28,3988.HK
2021/12/28,0763.HK
2021/12/28,0762.HK
2021/12/28,0883.HK
2021/12/28,1585.HK
2021/12/28,0006.HK
2021/12/28,0981.HK
2021/12/28,0012.HK
2021/12/28,0148.HK
2021/12/28,1919.HK
2021/12/28,0005.HK
2021/12/28,6690.HK
2021/12/28,9869.HK
2021/12/28,1071.HK
2021/12/28,0576.HK
2021/12/28,0683.HK
2021/12/28,1772.HK
2021/12/28,1972.HK
2021/2/26,0291.HK
2021/2/26,6160.HK
2021/2/26,9668.HK
2021/2/26,0700.HK
2021/2/26,0839.HK
2021/2/26,0819.HK
2021/2/26,0981.HK
2021/2/26,0658.HK
2021/2/26,3618.HK
2021/2/26,9633.HK
2021/2/26,2359.HK
2021/2/26,0322.HK
2021/2/26,2388.HK
2021/2/26,2001.HK
2021/2/26,6110.HK
2021/2/26,1478.HK
2021/2/26,1877.HK
2021/2/26,1883.HK
2021/2/26,0826.HK
2021/2/26,6078.HK
2021/2/26,1117.HK
2021/2/26,1691.HK
2021/2/26,0991.HK
2021/2/26,1812.HK
2021/2/26,0522.HK
2021/2/26,0023.HK
2021/2/26,3808.HK
2021/2/26,1072.HK
2021/2/26,3331.HK
2021/2/26,1988.HK
2021/3/31,1211.HK
2021/3/31,1585.HK
2021/3/31,1308.HK
2021/3/31,0522.HK
2021/3/31,3808.HK
2021/3/31,0291.HK
2021/3/31,0992.HK
2021/3/31,0658.HK
2021/3/31,2359.HK
2021/3/31,0011.HK
2021/3/31,0322.HK
2021/3/31,6865.HK
2021/3/31,6110.HK
2021/3/31,1877.HK
2021/3/31,9633.HK
2021/3/31,0285.HK
2021/3/31,1072.HK
2021/3/31,6160.HK
2021/3/31,3618.HK
2021/3/31,1208.HK
2021/3/31,1691.HK
2021/3/31,2269.HK
2021/3/31,1513.HK
2021/3/31,3347.HK
2021/3/31,1199.HK
2021/3/31,2388.HK
2021/3/31,0023.HK
2021/3/31,1336.HK
2021/3/31,0881.HK
2021/3/31,0669.HK
2021/4/28,1211.HK
2021/4/28,0168.HK
2021/4/28,1308.HK
2021/4/28,1877.HK
2021/4/28,0669.HK
2021/4/28,3808.HK
2021/4/28,1919.HK
2021/4/28,0839.HK
2021/4/28,0992.HK
2021/4/28,3968.HK
2021/4/28,0881.HK
2021/4/28,0751.HK
2021/4/28,2382.HK
2021/4/28,1882.HK
2021/4/28,0220.HK
2021/4/28,9633.HK
2021/4/28,3759.HK
2021/4/28,1772.HK
2021/4/28,1812.HK
2021/4/28,1478.HK
2021/4/28,1070.HK
2021/4/28,1810.HK
2021/4/28,0291.HK
2021/4/28,2333.HK
2021/4/28,1691.HK
2021/4/28,6160.HK
2021/4/28,2388.HK
2021/4/28,6618.HK
2021/4/28,0856.HK
2021/4/28,9909.HK
2021/5/31,2039.HK
2021/5/31,0700.HK
2021/5/31,3759.HK
2021/5/31,1211.HK
2021/5/31,3690.HK
2021/5/31,2331.HK
2021/5/31,1308.HK
2021/5/31,0991.HK
2021/5/31,6127.HK
2021/5/31,0011.HK
2021/5/31,0669.HK
2021/5/31,0123.HK
2021/5/31,0881.HK
2021/5/31,2688.HK
2021/5/31,1877.HK
2021/5/31,6618.HK
2021/5/31,2588.HK
2021/5/31,0023.HK
2021/5/31,1810.HK
2021/5/31,1378.HK
2021/5/31,0004.HK
2021/5/31,0998.HK
2021/5/31,0836.HK
2021/5/31,1302.HK
2021/5/31,1268.HK
2021/5/31,3993.HK
2021/5/31,0551.HK
2021/5/31,0902.HK
2021/5/31,2269.HK
2021/5/31,1691.HK
2021/6/30,0991.HK
2021/6/30,0291.HK
2021/6/30,3968.HK
2021/6/30,1211.HK
2021/6/30,0123.HK
2021/6/30,0168.HK
2021/6/30,1810.HK
2021/6/30,1478.HK
2021/6/30,0322.HK
2021/6/30,0700.HK
2021/6/30,1919.HK
2021/6/30,2388.HK
2021/6/30,0751.HK
2021/6/30,2038.HK
2021/6/30,1772.HK
2021/6/30,1308.HK
2021/6/30,0669.HK
2021/6/30,0992.HK
2021/6/30,2688.HK
2021/6/30,0220.HK
2021/6/30,0002.HK
2021/6/30,1882.HK
2021/6/30,1691.HK
2021/6/30,1877.HK
2021/6/30,6110.HK
2021/6/30,0881.HK
2021/6/30,2039.HK
2021/6/30,0388.HK
2021/6/30,6127.HK
2021/6/30,0902.HK
2021/7/30,2039.HK
2021/7/30,0991.HK
2021/7/30,0291.HK
2021/7/30,0123.HK
2021/7/30,6127.HK
2021/7/30,0992.HK
2021/7/30,1810.HK
2021/7/30,1478.HK
2021/7/30,2388.HK
2021/7/30,1883.HK
2021/7/30,0751.HK
2021/7/30,0881.HK
2021/7/30,1999.HK
2021/7/30,0669.HK
2021/7/30,6160.HK
2021/7/30,0998.HK
2021/7/30,1138.HK
2021/7/30,1088.HK
2021/7/30,0220.HK
2021/7/30,0322.HK
2021/7/30,3968.HK
2021/7/30,0302.HK
2021/7/30,0388.HK
2021/7/30,0002.HK
2021/7/30,3759.HK
2021/7/30,2382.HK
2021/7/30,1508.HK
2021/7/30,0347.HK
2021/7/30,2380.HK
2021/7/30,0902.HK
2021/8/31,2388.HK
2021/8/31,2333.HK
2021/8/31,1810.HK
2021/8/31,0683.HK
2021/8/31,0992.HK
2021/8/31,1308.HK
2021/8/31,0005.HK
2021/8/31,2331.HK
2021/8/31,0303.HK
2021/8/31,0934.HK
2021/8/31,1398.HK
2021/8/31,0751.HK
2021/8/31,1071.HK
2021/8/31,0836.HK
2021/8/31,0291.HK
2021/8/31,0991.HK
2021/8/31,6690.HK
2021/8/31,2688.HK
2021/8/31,3618.HK
2021/8/31,1113.HK
2021/8/31,3808.HK
2021/8/31,0855.HK
2021/8/31,0762.HK
2021/8/31,1882.HK
2021/8/31,1378.HK
2021/8/31,1929.HK
2021/8/31,1691.HK
2021/8/31,0856.HK
2021/8/31,3988.HK
2021/8/31,1548.HK
2021/9/28,2333.HK
2021/9/28,1308.HK
2021/9/28,2039.HK
2021/9/28,2331.HK
2021/9/28,0291.HK
2021/9/28,0763.HK
2021/9/28,6055.HK
2021/9/28,0548.HK
2021/9/28,2020.HK
2021/9/28,2678.HK
2021/9/28,0881.HK
2021/9/28,0665.HK
2021/9/28,0992.HK
2021/9/28,2866.HK
2021/9/28,0981.HK
2021/9/28,0347.HK
2021/9/28,2388.HK
2021/9/28,1898.HK
2021/9/28,6690.HK
2021/9/28,0012.HK
2021/9/28,0636.HK
2021/9/28,2313.HK
2021/9/28,1378.HK
2021/9/28,0003.HK
2021/9/28,2588.HK
2021/9/28,1919.HK
2021/9/28,1882.HK
2021/9/28,1398.HK
2021/9/28,3618.HK
2021/9/28,1585.HK
2022/1/26,0005.HK
2022/1/26,2331.HK
2022/1/26,0941.HK
2022/1/26,1268.HK
2022/1/26,0728.HK
2022/1/26,6837.HK
2022/1/26,1919.HK
2022/1/26,0144.HK
2022/1/26,1359.HK
2022/1/26,0548.HK
2022/1/26,1088.HK
2022/1/26,1339.HK
2022/1/26,0148.HK
2022/1/26,1992.HK
2022/1/26,0001.HK
2022/1/26,0631.HK
2022/1/26,0392.HK
2022/1/26,0363.HK
2022/1/26,0135.HK
2022/1/26,0347.HK
2022/1/26,0003.HK
2022/1/26,0189.HK
2022/1/26,1308.HK
2022/1/26,0806.HK
2022/1/26,0883.HK
2022/1/26,0762.HK
2022/1/26,0753.HK
2022/1/26,2688.HK
2022/1/26,2899.HK
2022/1/26,2319.HK
2022/10/31,1055.HK
2022/10/31,0670.HK
2022/10/31,1797.HK
2022/10/31,0857.HK
2022/10/31,1288.HK
2022/10/31,1339.HK
2022/10/31,0992.HK
2022/10/31,0939.HK
2022/10/31,1398.HK
2022/10/31,2255.HK
2022/10/31,0005.HK
2022/10/31,1211.HK
2022/10/31,3998.HK
2022/10/31,1929.HK
2022/10/31,0467.HK
2022/10/31,1072.HK
2022/10/31,9878.HK
2022/10/31,0753.HK
2022/10/31,0941.HK
2022/10/31,0639.HK
2022/10/31,6881.HK
2022/10/31,0883.HK
2022/10/31,6178.HK
2022/10/31,3899.HK
2022/10/31,0762.HK
2022/10/31,6099.HK
2022/10/31,3709.HK
2022/10/31,3618.HK
2022/10/31,9633.HK
2022/10/31,0297.HK
2022/11/30,0753.HK
2022/11/30,3618.HK
2022/11/30,0939.HK
2022/11/30,0694.HK
2022/11/30,1928.HK
2022/11/30,0857.HK
2022/11/30,0992.HK
2022/11/30,1398.HK
2022/11/30,1310.HK
2022/11/30,1211.HK
2022/11/30,0883.HK
2022/11/30,0941.HK
2022/11/30,0991.HK
2022/11/30,0005.HK
2022/11/30,1055.HK
2022/11/30,2600.HK
2022/11/30,1339.HK
2022/11/30,2255.HK
2022/11/30,2628.HK
2022/11/30,2328.HK
2022/11/30,1929.HK
2022/11/30,0520.HK
2022/11/30,1658.HK
2022/11/30,0788.HK
2022/11/30,0083.HK
2022/11/30,1072.HK
2022/11/30,0728.HK
2022/11/30,0670.HK
2022/11/30,1199.HK
2022/11/30,1336.HK
2022/12/30,0005.HK
2022/12/30,1797.HK
2022/12/30,0939.HK
2022/12/30,0168.HK
2022/12/30,0753.HK
2022/12/30,1398.HK
2022/12/30,0520.HK
2022/12/30,0694.HK
2022/12/30,1988.HK
2022/12/30,1055.HK
2022/12/30,3618.HK
2022/12/30,0670.HK
2022/12/30,0981.HK
2022/12/30,1088.HK
2022/12/30,1211.HK
2022/12/30,0066.HK
2022/12/30,0857.HK
2022/12/30,6881.HK
2022/12/30,0467.HK
2022/12/30,0001.HK
2022/12/30,1876.HK
2022/12/30,2099.HK
2022/12/30,0788.HK
2022/12/30,2866.HK
2022/12/30,1072.HK
2022/12/30,0016.HK
2022/12/30,0083.HK
2022/12/30,9969.HK
2022/12/30,2328.HK
2022/12/30,1818.HK
2022/2/28,0005.HK
2022/2/28,1308.HK
2022/2/28,1919.HK
2022/2/28,3988.HK
2022/2/28,0728.HK
2022/2/28,0762.HK
2022/2/28,0144.HK
2022/2/28,0168.HK
2022/2/28,1883.HK
2022/2/28,1907.HK
2022/2/28,6837.HK
2022/2/28,0003.HK
2022/2/28,1339.HK
2022/2/28,1088.HK
2022/2/28,0347.HK
2022/2/28,0148.HK
2022/2/28,0135.HK
2022/2/28,0881.HK
2022/2/28,6690.HK
2022/2/28,0548.HK
2022/2/28,1876.HK
2022/2/28,0006.HK
2022/2/28,1898.HK
2022/2/28,0665.HK
2022/2/28,0001.HK
2022/2/28,0631.HK
2022/2/28,0363.HK
2022/2/28,0941.HK
2022/2/28,1816.HK
2022/2/28,1268.HK
2022/3/30,2099.HK
2022/3/30,0990.HK
2022/3/30,0144.HK
2022/3/30,0316.HK
2022/3/30,0005.HK
2022/3/30,1378.HK
2022/3/30,0883.HK
2022/3/30,1339.HK
2022/3/30,1308.HK
2022/3/30,2331.HK
2022/3/30,1919.HK
2022/3/30,0881.HK
2022/3/30,1883.HK
2022/3/30,0636.HK
2022/3/30,0012.HK
2022/3/30,0008.HK
2022/3/30,0083.HK
2022/3/30,2899.HK
2022/3/30,0006.HK
2022/3/30,1088.HK
2022/3/30,0392.HK
2022/3/30,2319.HK
2022/3/30,1038.HK
2022/3/30,0347.HK
2022/3/30,0966.HK
2022/3/30,2866.HK
2022/3/30,1898.HK
2022/3/30,0659.HK
2022/3/30,1816.HK
2022/3/30,2015.HK
2022/4/27,2866.HK
2022/4/27,1548.HK
2022/4/27,1171.HK
2022/4/27,1907.HK
2022/4/27,0177.HK
2022/4/27,0670.HK
2022/4/27,1919.HK
2022/4/27,6837.HK
2022/4/27,0546.HK
2022/4/27,1308.HK
2022/4/27,0857.HK
2022/4/27,1929.HK
2022/4/27,2600.HK
2022/4/27,0005.HK
2022/4/27,0386.HK
2022/4/27,0753.HK
2022/4/27,0083.HK
2022/4/27,0941.HK
2022/4/27,1113.HK
2022/4/27,0728.HK
2022/4/27,0322.HK
2022/4/27,0788.HK
2022/4/27,0762.HK
2022/4/27,0135.HK
2022/4/27,1972.HK
2022/4/27,0168.HK
2022/4/27,0189.HK
2022/4/27,2015.HK
2022/4/27,3988.HK
2022/4/27,1088.HK
2022/5/31,0728.HK
2022/5/31,0883.HK
2022/5/31,0392.HK
2022/5/31,0005.HK
2022/5/31,1919.HK
2022/5/31,3988.HK
2022/5/31,0144.HK
2022/5/31,0941.HK
2022/5/31,1052.HK
2022/5/31,6881.HK
2022/5/31,0659.HK
2022/5/31,0135.HK
2022/5/31,6690.HK
2022/5/31,1308.HK
2022/5/31,1929.HK
2022/5/31,0001.HK
2022/5/31,1339.HK
2022/5/31,0083.HK
2022/5/31,3618.HK
2022/5/31,0694.HK
2022/5/31,0636.HK
2022/5/31,1898.HK
2022/5/31,0753.HK
2022/5/31,1211.HK
2022/5/31,0316.HK
2022/5/31,2866.HK
2022/5/31,2899.HK
2022/5/31,1171.HK
2022/5/31,1816.HK
2022/5/31,1336.HK
2022/6/30,0386.HK
2022/6/30,0883.HK
2022/6/30,0005.HK
2022/6/30,1310.HK
2022/6/30,0546.HK
2022/6/30,0762.HK
2022/6/30,1308.HK
2022/6/30,3618.HK
2022/6/30,0753.HK
2022/6/30,0316.HK
2022/6/30,1088.HK
2022/6/30,0992.HK
2022/6/30,6837.HK
2022/6/30,0338.HK
2022/6/30,1919.HK
2022/6/30,1113.HK
2022/6/30,0083.HK
2022/6/30,2866.HK
2022/6/30,0392.HK
2022/6/30,0659.HK
2022/6/30,1812.HK
2022/6/30,0636.HK
2022/6/30,1816.HK
2022/6/30,0728.HK
2022/6/30,2601.HK
2022/6/30,1053.HK
2022/6/30,1876.HK
2022/6/30,0144.HK
2022/6/30,0552.HK
2022/6/30,2285.HK
2022/7/29,0386.HK
2022/7/29,2866.HK
2022/7/29,0168.HK
2022/7/29,0857.HK
2022/7/29,1310.HK
2022/7/29,0753.HK
2022/7/29,0992.HK
2022/7/29,1055.HK
2022/7/29,0659.HK
2022/7/29,0728.HK
2022/7/29,0144.HK
2022/7/29,2588.HK
2022/7/29,3618.HK
2022/7/29,1171.HK
2022/7/29,0639.HK
2022/7/29,6690.HK
2022/7/29,1898.HK
2022/7/29,0323.HK
2022/7/29,2285.HK
2022/7/29,6881.HK
2022/7/29,2628.HK
2022/7/29,1919.HK
2022/7/29,0392.HK
2022/7/29,0788.HK
2022/7/29,3323.HK
2022/7/29,1113.HK
2022/7/29,0083.HK
2022/7/29,1308.HK
2022/7/29,0780.HK
2022/7/29,0670.HK
2022/8/31,0857.HK
2022/8/31,2866.HK
2022/8/31,0386.HK
2022/8/31,1310.HK
2022/8/31,0728.HK
2022/8/31,0659.HK
2022/8/31,1308.HK
2022/8/31,1919.HK
2022/8/31,0874.HK
2022/8/31,1055.HK
2022/8/31,2588.HK
2022/8/31,0168.HK
2022/8/31,1876.HK
2022/8/31,0083.HK
2022/8/31,0753.HK
2022/8/31,0883.HK
2022/8/31,0297.HK
2022/8/31,1088.HK
2022/8/31,0992.HK
2022/8/31,0552.HK
2022/8/31,0636.HK
2022/8/31,0144.HK
2022/8/31,0788.HK
2022/8/31,0316.HK
2022/8/31,3618.HK
2022/8/31,0780.HK
2022/8/31,1585.HK
2022/8/31,1177.HK
2022/8/31,1171.HK
2022/8/31,0338.HK
2022/9/28,0659.HK
2022/9/28,1055.HK
2022/9/28,1928.HK
2022/9/28,0670.HK
2022/9/28,0168.HK
2022/9/28,0883.HK
2022/9/28,1211.HK
2022/9/28,1088.HK
2022/9/28,0694.HK
2022/9/28,0941.HK
2022/9/28,0728.HK
2022/9/28,1398.HK
2022/9/28,2628.HK
2022/9/28,3709.HK
2022/9/28,1310.HK
2022/9/28,0005.HK
2022/9/28,0303.HK
2022/9/28,1972.HK
2022/9/28,1339.HK
2022/9/28,3899.HK
2022/9/28,0151.HK
2022/9/28,3618.HK
2022/9/28,1876.HK
2022/9/28,1119.HK
2022/9/28,0753.HK
2022/9/28,1658.HK
2022/9/28,2611.HK
2022/9/28,1988.HK
2022/9/28,2252.HK
2022/9/28,2883.HK
2023/1/31,1055.HK
2023/1/31,1211.HK
2023/1/31,0670.HK
2023/1/31,1928.HK
2023/1/31,0857.HK
2023/1/31,1339.HK
2023/1/31,0005.HK
2023/1/31,0939.HK
2023/1/31,1088.HK
2023/1/31,6881.HK
2023/1/31,0992.HK
2023/1/31,1765.HK
2023/1/31,0520.HK
2023/1/31,1072.HK
2023/1/31,2328.HK
2023/1/31,2628.HK
2023/1/31,0788.HK
2023/1/31,0991.HK
2023/1/31,1113.HK
2023/1/31,0753.HK
2023/1/31,1398.HK
2023/1/31,0728.HK
2023/1/31,6178.HK
2023/1/31,1530.HK
2023/1/31,0291.HK
2023/1/31,0883.HK
2023/1/31,0316.HK
2023/1/31,0267.HK
2023/1/31,1797.HK
2023/1/31,3618.HK
2023/10/31,3709.HK
2023/10/31,0008.HK
2023/10/31,0992.HK
2023/10/31,9987.HK
2023/10/31,0659.HK
2023/10/31,0576.HK
2023/10/31,1138.HK
2023/10/31,1288.HK
2023/10/31,2378.HK
2023/10/31,3618.HK
2023/10/31,0762.HK
2023/10/31,2162.HK
2023/10/31,0019.HK
2023/10/31,0005.HK
2023/10/31,2888.HK
2023/10/31,2601.HK
2023/10/31,2628.HK
2023/10/31,9633.HK
2023/10/31,1109.HK
2023/10/31,6881.HK
2023/10/31,0338.HK
2023/10/31,0168.HK
2023/10/31,3988.HK
2023/10/31,1585.HK
2023/10/31,0425.HK
2023/10/31,0939.HK
2023/10/31,1513.HK
2023/10/31,1211.HK
2023/10/31,6826.HK
2023/10/31,0921.HK
2023/11/30,0008.HK
2023/11/30,1211.HK
2023/11/30,0992.HK
2023/11/30,1288.HK
2023/11/30,0659.HK
2023/11/30,3709.HK
2023/11/30,0939.HK
2023/11/30,0576.HK
2023/11/30,1988.HK
2023/11/30,1398.HK
2023/11/30,0883.HK
2023/11/30,0921.HK
2023/11/30,6178.HK
2023/11/30,0941.HK
2023/11/30,3618.HK
2023/11/30,3808.HK
2023/11/30,9633.HK
2023/11/30,6818.HK
2023/11/30,9863.HK
2023/11/30,6826.HK
2023/11/30,0788.HK
2023/11/30,1138.HK
2023/11/30,2888.HK
2023/11/30,9987.HK
2023/11/30,3613.HK
2023/11/30,0762.HK
2023/11/30,1896.HK
2023/11/30,0005.HK
2023/11/30,1585.HK
2023/11/30,2628.HK
2023/12/29,1211.HK
2023/12/29,0992.HK
2023/12/29,3988.HK
2023/12/29,2338.HK
2023/12/29,0576.HK
2023/12/29,3808.HK
2023/12/29,9633.HK
2023/12/29,6881.HK
2023/12/29,1339.HK
2023/12/29,0995.HK
2023/12/29,0939.HK
2023/12/29,1988.HK
2023/12/29,0004.HK
2023/12/29,3709.HK
2023/12/29,0966.HK
2023/12/29,3618.HK
2023/12/29,0762.HK
2023/12/29,1896.HK
2023/12/29,9979.HK
2023/12/29,1398.HK
2023/12/29,1456.HK
2023/12/29,1114.HK
2023/12/29,6826.HK
2023/12/29,0659.HK
2023/12/29,2273.HK
2023/12/29,0008.HK
2023/12/29,2411.HK
2023/12/29,0883.HK
2023/12/29,0220.HK
2023/12/29,1610.HK
2023/2/28,0168.HK
2023/2/28,1055.HK
2023/2/28,0753.HK
2023/2/28,1088.HK
2023/2/28,1398.HK
2023/2/28,0066.HK
2023/2/28,0788.HK
2023/2/28,1339.HK
2023/2/28,0005.HK
2023/2/28,0991.HK
2023/2/28,6881.HK
2023/2/28,9926.HK
2023/2/28,3618.HK
2023/2/28,1211.HK
2023/2/28,9863.HK
2023/2/28,6099.HK
2023/2/28,0728.HK
2023/2/28,6110.HK
2023/2/28,6030.HK
2023/2/28,1765.HK
2023/2/28,0883.HK
2023/2/28,0293.HK
2023/2/28,1776.HK
2023/2/28,0694.HK
2023/2/28,1798.HK
2023/2/28,0297.HK
2023/2/28,2255.HK
2023/2/28,2343.HK
2023/2/28,6088.HK
2023/2/28,0857.HK
2023/3/31,1339.HK
2023/3/31,0992.HK
2023/3/31,1288.HK
2023/3/31,2888.HK
2023/3/31,0694.HK
2023/3/31,2400.HK
2023/3/31,9633.HK
2023/3/31,0991.HK
2023/3/31,0267.HK
2023/3/31,1055.HK
2023/3/31,0168.HK
2023/3/31,6881.HK
2023/3/31,1988.HK
2023/3/31,1415.HK
2023/3/31,1530.HK
2023/3/31,6160.HK
2023/3/31,1171.HK
2023/3/31,1910.HK
2023/3/31,0753.HK
2023/3/31,2255.HK
2023/3/31,0857.HK
2023/3/31,9926.HK
2023/3/31,3618.HK
2023/3/31,0762.HK
2023/3/31,0670.HK
2023/3/31,0941.HK
2023/3/31,0788.HK
2023/3/31,0386.HK
2023/3/31,0011.HK
2023/3/31,0939.HK
2023/4/28,1055.HK
2023/4/28,2883.HK
2023/4/28,0836.HK
2023/4/28,3618.HK
2023/4/28,1288.HK
2023/4/28,0857.HK
2023/4/28,2628.HK
2023/4/28,0998.HK
2023/4/28,1119.HK
2023/4/28,0267.HK
2023/4/28,0941.HK
2023/4/28,6160.HK
2023/4/28,1398.HK
2023/4/28,2611.HK
2023/4/28,0874.HK
2023/4/28,1776.HK
2023/4/28,1336.HK
2023/4/28,1088.HK
2023/4/28,0883.HK
2023/4/28,6066.HK
2023/4/28,1585.HK
2023/4/28,1299.HK
2023/4/28,1339.HK
2023/4/28,1929.HK
2023/4/28,9633.HK
2023/4/28,0788.HK
2023/4/28,0670.HK
2023/4/28,2328.HK
2023/4/28,0728.HK
2023/4/28,3320.HK
2023/5/31,0753.HK
2023/5/31,1055.HK
2023/5/31,3618.HK
2023/5/31,0762.HK
2023/5/31,2888.HK
2023/5/31,3328.HK
2023/5/31,0267.HK
2023/5/31,1776.HK
2023/5/31,0728.HK
2023/5/31,1988.HK
2023/5/31,2015.HK
2023/5/31,0941.HK
2023/5/31,2328.HK
2023/5/31,3896.HK
2023/5/31,0874.HK
2023/5/31,1072.HK
2023/5/31,1798.HK
2023/5/31,1336.HK
2023/5/31,1530.HK
2023/5/31,0317.HK
2023/5/31,9869.HK
2023/5/31,3958.HK
2023/5/31,2883.HK
2023/5/31,0293.HK
2023/5/31,6881.HK
2023/5/31,1288.HK
2023/5/31,0710.HK
2023/5/31,6099.HK
2023/5/31,0694.HK
2023/5/31,1339.HK
2023/6/30,3618.HK
2023/6/30,3668.HK
2023/6/30,1398.HK
2023/6/30,0998.HK
2023/6/30,0788.HK
2023/6/30,1585.HK
2023/6/30,2611.HK
2023/6/30,2888.HK
2023/6/30,0762.HK
2023/6/30,1072.HK
2023/6/30,0525.HK
2023/6/30,0753.HK
2023/6/30,0857.HK
2023/6/30,0941.HK
2023/6/30,1339.HK
2023/6/30,1798.HK
2023/6/30,0293.HK
2023/6/30,1055.HK
2023/6/30,0992.HK
2023/6/30,0836.HK
2023/6/30,1658.HK
2023/6/30,0005.HK
2023/6/30,1929.HK
2023/6/30,0267.HK
2023/6/30,6886.HK
2023/6/30,6855.HK
2023/6/30,1211.HK
2023/6/30,0019.HK
2023/6/30,0670.HK
2023/6/30,1530.HK
2023/7/31,3668.HK
2023/7/31,2883.HK
2023/7/31,1055.HK
2023/7/31,0293.HK
2023/7/31,0267.HK
2023/7/31,1072.HK
2023/7/31,0670.HK
2023/7/31,0941.HK
2023/7/31,0981.HK
2023/7/31,0762.HK
2023/7/31,2611.HK
2023/7/31,1288.HK
2023/7/31,0921.HK
2023/7/31,0189.HK
2023/7/31,0696.HK
2023/7/31,2628.HK
2023/7/31,1088.HK
2023/7/31,0525.HK
2023/7/31,0011.HK
2023/7/31,1339.HK
2023/7/31,0836.HK
2023/7/31,0019.HK
2023/7/31,0694.HK
2023/7/31,2013.HK
2023/7/31,2015.HK
2023/7/31,1816.HK
2023/7/31,2601.HK
2023/7/31,6110.HK
2023/7/31,0788.HK
2023/7/31,3709.HK
2023/8/31,2888.HK
2023/8/31,3328.HK
2023/8/31,1988.HK
2023/8/31,0939.HK
2023/8/31,0753.HK
2023/8/31,1339.HK
2023/8/31,0836.HK
2023/8/31,1398.HK
2023/8/31,0857.HK
2023/8/31,0992.HK
2023/8/31,6855.HK
2023/8/31,0694.HK
2023/8/31,6110.HK
2023/8/31,2611.HK
2023/8/31,1288.HK
2023/8/31,0973.HK
2023/8/31,1119.HK
2023/8/31,1336.HK
2023/8/31,3988.HK
2023/8/31,0874.HK
2023/8/31,0358.HK
2023/8/31,0005.HK
2023/8/31,3709.HK
2023/8/31,1055.HK
2023/8/31,0670.HK
2023/8/31,0883.HK
2023/8/31,1816.HK
2023/8/31,0008.HK
2023/8/31,0087.HK
2023/8/31,6066.HK
2023/9/28,0008.HK
2023/9/28,3709.HK
2023/9/28,0576.HK
2023/9/28,2628.HK
2023/9/28,1211.HK
2023/9/28,0921.HK
2023/9/28,9633.HK
2023/9/28,0966.HK
2023/9/28,1958.HK
2023/9/28,1336.HK
2023/9/28,0883.HK
2023/9/28,3613.HK
2023/9/28,3606.HK
2023/9/28,0425.HK
2023/9/28,3988.HK
2023/9/28,6818.HK
2023/9/28,0696.HK
2023/9/28,2601.HK
2023/9/28,1288.HK
2023/9/28,1456.HK
2023/9/28,2888.HK
2023/9/28,1896.HK
2023/9/28,0005.HK
2023/9/28,9885.HK
2023/9/28,0939.HK
2023/9/28,6698.HK
2023/9/28,1988.HK
2023/9/28,6178.HK
2023/9/28,1908.HK
2023/9/28,1929.HK
2024/1/31,0005.HK
2024/1/31,0921.HK
2024/1/31,1398.HK
2024/1/31,0991.HK
2024/1/31,9633.HK
2024/1/31,1988.HK
2024/1/31,1883.HK
2024/1/31,0941.HK
2024/1/31,3618.HK
2024/1/31,0285.HK
2024/1/31,0576.HK
2024/1/31,2888.HK
2024/1/31,0004.HK
2024/1/31,0762.HK
2024/1/31,2338.HK
2024/1/31,3808.HK
2024/1/31,0345.HK
2024/1/31,0992.HK
2024/1/31,6178.HK
2024/1/31,3709.HK
2024/1/31,0008.HK
2024/1/31,0371.HK
2024/1/31,0019.HK
2024/1/31,0322.HK
2024/1/31,1336.HK
2024/1/31,3606.HK
2024/1/31,0788.HK
2024/1/31,0220.HK
2024/1/31,0177.HK
2024/1/31,6818.HK
2024/10/31,1211.HK
2024/10/31,3988.HK
2024/10/31,0992.HK
2024/10/31,0303.HK
2024/10/31,0788.HK
2024/10/31,0144.HK
2024/10/31,0002.HK
2024/10/31,2282.HK
2024/10/31,0659.HK
2024/10/31,0941.HK
2024/10/31,0728.HK
2024/10/31,0700.HK
2024/10/31,9956.HK
2024/10/31,1308.HK
2024/10/31,0005.HK
2024/10/31,0902.HK
2024/10/31,2588.HK
2024/10/31,2228.HK
2024/10/31,0175.HK
2024/10/31,0762.HK
2024/10/31,2018.HK
2024/10/31,1658.HK
2024/10/31,0669.HK
2024/10/31,3306.HK
2024/10/31,1336.HK
2024/10/31,0667.HK
2024/10/31,1787.HK
2024/10/31,0857.HK
2024/10/31,3692.HK
2024/10/31,0293.HK
2024/11/29,0991.HK
2024/11/29,3618.HK
2024/11/29,9992.HK
2024/11/29,0152.HK
2024/11/29,0002.HK
2024/11/29,0728.HK
2024/11/29,0066.HK
2024/11/29,2588.HK
2024/11/29,0788.HK
2024/11/29,0902.HK
2024/11/29,9956.HK
2024/11/29,0144.HK
2024/11/29,0669.HK
2024/11/29,1398.HK
2024/11/29,0322.HK
2024/11/29,0917.HK
2024/11/29,1211.HK
2024/11/29,2018.HK
2024/11/29,3888.HK
2024/11/29,2601.HK
2024/11/29,1478.HK
2024/11/29,2282.HK
2024/11/29,0005.HK
2024/11/29,3988.HK
2024/11/29,2899.HK
2024/11/29,2228.HK
2024/11/29,2628.HK
2024/11/29,1088.HK
2024/11/29,0941.HK
2024/11/29,1919.HK
2024/12/31,1211.HK
2024/12/31,0762.HK
2024/12/31,1336.HK
2024/12/31,2282.HK
2024/12/31,2628.HK
2024/12/31,1478.HK
2024/12/31,3618.HK
2024/12/31,3888.HK
2024/12/31,1070.HK
2024/12/31,1308.HK
2024/12/31,9992.HK
2024/12/31,1288.HK
2024/12/31,0728.HK
2024/12/31,0788.HK
2024/12/31,0941.HK
2024/12/31,1038.HK
2024/12/31,2588.HK
2024/12/31,0836.HK
2024/12/31,1513.HK
2024/12/31,1398.HK
2024/12/31,2601.HK
2024/12/31,9899.HK
2024/12/31,3808.HK
2024/12/31,0066.HK
2024/12/31,0700.HK
2024/12/31,2318.HK
2024/12/31,9956.HK
2024/12/31,0669.HK
2024/12/31,0008.HK
2024/12/31,0995.HK
2024/2/29,0008.HK
2024/2/29,0005.HK
2024/2/29,2338.HK
2024/2/29,2888.HK
2024/2/29,1883.HK
2024/2/29,9633.HK
2024/2/29,1896.HK
2024/2/29,0788.HK
2024/2/29,0941.HK
2024/2/29,1211.HK
2024/2/29,1816.HK
2024/2/29,1138.HK
2024/2/29,3988.HK
2024/2/29,0576.HK
2024/2/29,2380.HK
2024/2/29,3709.HK
2024/2/29,6818.HK
2024/2/29,2628.HK
2024/2/29,3618.HK
2024/2/29,3613.HK
2024/2/29,1456.HK
2024/2/29,0728.HK
2024/2/29,1071.HK
2024/2/29,0659.HK
2024/2/29,0991.HK
2024/2/29,0392.HK
2024/2/29,0883.HK
2024/2/29,3606.HK
2024/2/29,0992.HK
2024/2/29,6855.HK
2024/3/28,0008.HK
2024/3/28,3709.HK
2024/3/28,0992.HK
2024/3/28,1988.HK
2024/3/28,3808.HK
2024/3/28,9885.HK
2024/3/28,2888.HK
2024/3/28,3618.HK
2024/3/28,3606.HK
2024/3/28,0836.HK
2024/3/28,0669.HK
2024/3/28,1138.HK
2024/3/28,0285.HK
2024/3/28,0883.HK
2024/3/28,0006.HK
2024/3/28,2338.HK
2024/3/28,6881.HK
2024/3/28,0966.HK
2024/3/28,0002.HK
2024/3/28,0921.HK
2024/3/28,0788.HK
2024/3/28,1816.HK
2024/3/28,0941.HK
2024/3/28,0576.HK
2024/3/28,0177.HK
2024/3/28,6178.HK
2024/3/28,6666.HK
2024/3/28,0019.HK
2024/3/28,0004.HK
2024/3/28,1339.HK
2024/4/30,2588.HK
2024/4/30,0992.HK
2024/4/30,1288.HK
2024/4/30,3709.HK
2024/4/30,0728.HK
2024/4/30,6178.HK
2024/4/30,3808.HK
2024/4/30,0857.HK
2024/4/30,0836.HK
2024/4/30,1787.HK
2024/4/30,2338.HK
2024/4/30,2883.HK
2024/4/30,9885.HK
2024/4/30,1398.HK
2024/4/30,0005.HK
2024/4/30,0966.HK
2024/4/30,3606.HK
2024/4/30,0921.HK
2024/4/30,3618.HK
2024/4/30,0598.HK
2024/4/30,0941.HK
2024/4/30,9633.HK
2024/4/30,1138.HK
2024/4/30,0008.HK
2024/4/30,1211.HK
2024/4/30,2018.HK
2024/4/30,0285.HK
2024/4/30,1658.HK
2024/4/30,2252.HK
2024/4/30,3988.HK
2024/5/31,2588.HK
2024/5/31,1519.HK
2024/5/31,0285.HK
2024/5/31,0836.HK
2024/5/31,3339.HK
2024/5/31,3618.HK
2024/5/31,1288.HK
2024/5/31,2600.HK
2024/5/31,6690.HK
2024/5/31,0087.HK
2024/5/31,0921.HK
2024/5/31,1398.HK
2024/5/31,1787.HK
2024/5/31,0728.HK
2024/5/31,2883.HK
2024/5/31,0552.HK
2024/5/31,9992.HK
2024/5/31,1038.HK
2024/5/31,3606.HK
2024/5/31,0002.HK
2024/5/31,2145.HK
2024/5/31,1138.HK
2024/5/31,2252.HK
2024/5/31,0995.HK
2024/5/31,9868.HK
2024/5/31,6826.HK
2024/5/31,0177.HK
2024/5/31,2018.HK
2024/5/31,0363.HK
2024/5/31,1898.HK
2024/6/28,0002.HK
2024/6/28,3808.HK
2024/6/28,1519.HK
2024/6/28,0857.HK
2024/6/28,1211.HK
2024/6/28,2338.HK
2024/6/28,0762.HK
2024/6/28,0966.HK
2024/6/28,1787.HK
2024/6/28,2600.HK
2024/6/28,2666.HK
2024/6/28,1658.HK
2024/6/28,6855.HK
2024/6/28,0992.HK
2024/6/28,1288.HK
2024/6/28,3606.HK
2024/6/28,3988.HK
2024/6/28,0285.HK
2024/6/28,1138.HK
2024/6/28,1513.HK
2024/6/28,6178.HK
2024/6/28,0939.HK
2024/6/28,1398.HK
2024/6/28,3968.HK
2024/6/28,2588.HK
2024/6/28,0836.HK
2024/6/28,0220.HK
2024/6/28,0700.HK
2024/6/28,3709.HK
2024/6/28,1816.HK
2024/7/31,0836.HK
2024/7/31,1519.HK
2024/7/31,0966.HK
2024/7/31,2338.HK
2024/7/31,0992.HK
2024/7/31,0005.HK
2024/7/31,0177.HK
2024/7/31,0285.HK
2024/7/31,0921.HK
2024/7/31,9992.HK
2024/7/31,2588.HK
2024/7/31,0322.HK
2024/7/31,1288.HK
2024/7/31,1988.HK
2024/7/31,0386.HK
2024/7/31,0728.HK
2024/7/31,2883.HK
2024/7/31,0220.HK
2024/7/31,0788.HK
2024/7/31,3618.HK
2024/7/31,1339.HK
2024/7/31,6862.HK
2024/7/31,0570.HK
2024/7/31,0762.HK
2024/7/31,0002.HK
2024/7/31,0142.HK
2024/7/31,6198.HK
2024/7/31,3709.HK
2024/7/31,3988.HK
2024/7/31,0038.HK
2024/8/30,2588.HK
2024/8/30,0762.HK
2024/8/30,1519.HK
2024/8/30,0177.HK
2024/8/30,1398.HK
2024/8/30,9992.HK
2024/8/30,2666.HK
2024/8/30,0966.HK
2024/8/30,3968.HK
2024/8/30,2883.HK
2024/8/30,3808.HK
2024/8/30,0788.HK
2024/8/30,1211.HK
2024/8/30,0700.HK
2024/8/30,0019.HK
2024/8/30,6855.HK
2024/8/30,0002.HK
2024/8/30,1193.HK
2024/8/30,2145.HK
2024/8/30,0669.HK
2024/8/30,2016.HK
2024/8/30,0728.HK
2024/8/30,0921.HK
2024/8/30,0322.HK
2024/8/30,0992.HK
2024/8/30,1044.HK
2024/8/30,6862.HK
2024/8/30,0293.HK
2024/8/30,1415.HK
2024/8/30,0552.HK
2024/9/30,0992.HK
2024/9/30,2018.HK
2024/9/30,0917.HK
2024/9/30,3988.HK
2024/9/30,0772.HK
2024/9/30,2338.HK
2024/9/30,1787.HK
2024/9/30,6855.HK
2024/9/30,0303.HK
2024/9/30,0991.HK
2024/9/30,1836.HK
2024/9/30,0728.HK
2024/9/30,1336.HK
2024/9/30,1288.HK
2024/9/30,0220.HK
2024/9/30,0006.HK
2024/9/30,0857.HK
2024/9/30,9992.HK
2024/9/30,2400.HK
2024/9/30,0293.HK
2024/9/30,2020.HK
2024/9/30,2282.HK
2024/9/30,9956.HK
2024/9/30,3808.HK
2024/9/30,9690.HK
2024/9/30,0788.HK
2024/9/30,1478.HK
2024/9/30,0002.HK
2024/9/30,3306.HK
2024/9/30,1177.HK
2025/1/27,2018.HK
2025/1/27,0700.HK
2025/1/27,1405.HK
2025/1/27,2400.HK
2025/1/27,3306.HK
2025/1/27,0144.HK
2025/1/27,0152.HK
2025/1/27,0322.HK
2025/1/27,0941.HK
2025/1/27,0762.HK
2025/1/27,0788.HK
2025/1/27,9956.HK
2025/1/27,9992.HK
2025/1/27,3988.HK
2025/1/27,0669.HK
2025/1/27,1919.HK
2025/1/27,0728.HK
2025/1/27,3618.HK
2025/1/27,2338.HK
2025/1/27,1478.HK
2025/1/27,0168.HK
2025/1/27,1773.HK
2025/1/27,1836.HK
2025/1/27,1211.HK
2025/1/27,0220.HK
2025/1/27,3888.HK
2025/1/27,6618.HK
2025/1/27,0002.HK
2025/1/27,2588.HK
2025/1/27,1378.HK
2025/2/28,2018.HK
2025/2/28,1211.HK
2025/2/28,0700.HK
2025/2/28,3618.HK
2025/2/28,0179.HK
2025/2/28,1405.HK
2025/2/28,3888.HK
2025/2/28,0144.HK
2025/2/28,0152.HK
2025/2/28,0322.HK
2025/2/28,2628.HK
2025/2/28,1658.HK
2025/2/28,2318.HK
2025/2/28,0669.HK
2025/2/28,9992.HK
2025/2/28,1919.HK
2025/2/28,2338.HK
2025/2/28,3808.HK
2025/2/28,3306.HK
2025/2/28,6069.HK
2025/2/28,1836.HK
2025/2/28,0762.HK
2025/2/28,3898.HK
2025/2/28,3692.HK
2025/2/28,3968.HK
2025/2/28,2601.HK
2025/2/28,1478.HK
2025/2/28,0220.HK
2025/2/28,2382.HK
2025/2/28,3988.HK
2025/3/31,2588.HK
2025/3/31,1211.HK
2025/3/31,0700.HK
2025/3/31,1336.HK
2025/3/31,0002.HK
2025/3/31,0152.HK
2025/3/31,3618.HK
2025/3/31,0991.HK
2025/3/31,0179.HK
2025/3/31,3988.HK
2025/3/31,2018.HK
2025/3/31,2601.HK
2025/3/31,0144.HK
2025/3/31,9988.HK
2025/3/31,0966.HK
2025/3/31,3931.HK
2025/3/31,0322.HK
2025/3/31,0728.HK
2025/3/31,0667.HK
2025/3/31,0005.HK
2025/3/31,9690.HK
2025/3/31,9956.HK
2025/3/31,2338.HK
2025/3/31,0939.HK
2025/3/31,9899.HK
2025/3/31,0917.HK
2025/3/31,3968.HK
2025/3/31,1801.HK
2025/3/31,9992.HK
2025/3/31,0220.HK
2025/4/30,1211.HK
2025/4/30,0991.HK
2025/4/30,1336.HK
2025/4/30,0700.HK
2025/4/30,1398.HK
2025/4/30,9956.HK
2025/4/30,2582.HK
2025/4/30,0322.HK
2025/4/30,0066.HK
2025/4/30,2588.HK
2025/4/30,2570.HK
2025/4/30,2587.HK
2025/4/30,3968.HK
2025/4/30,0288.HK
2025/4/30,0220.HK
2025/4/30,0667.HK
2025/4/30,0002.HK
2025/4/30,0179.HK
2025/4/30,0316.HK
2025/4/30,2601.HK
2025/4/30,2382.HK
2025/4/30,6936.HK
2025/4/30,2618.HK
2025/4/30,3606.HK
2025/4/30,0144.HK
2025/4/30,1658.HK
2025/4/30,2255.HK
2025/4/30,2410.HK
2025/4/30,0008.HK
2025/4/30,1478.HK
2025/5/30,1211.HK
2025/5/30,2588.HK
2025/5/30,9956.HK
2025/5/30,1336.HK
2025/5/30,1398.HK
2025/5/30,0700.HK
2025/5/30,0991.HK
2025/5/30,1308.HK
2025/5/30,2582.HK
2025/5/30,0316.HK
2025/5/30,0066.HK
2025/5/30,0322.HK
2025/5/30,2570.HK
2025/5/30,2587.HK
2025/5/30,0288.HK
2025/5/30,2601.HK
2025/5/30,0667.HK
2025/5/30,0179.HK
2025/5/30,0002.HK
2025/5/30,2255.HK
2025/5/30,3968.HK
2025/5/30,6963.HK
2025/5/30,6086.HK
2025/5/30,2618.HK
2025/5/30,0220.HK
2025/5/30,0144.HK
2025/5/30,0300.HK
2025/5/30,6069.HK
2025/5/30,0293.HK
2025/5/30,6936.HK
2025/6/30,2588.HK
2025/6/30,2587.HK
2025/6/30,2582.HK
2025/6/30,2018.HK
2025/6/30,1211.HK
2025/6/30,0066.HK
2025/6/30,9956.HK
2025/6/30,0316.HK
2025/6/30,1310.HK
2025/6/30,2601.HK
2025/6/30,1288.HK
2025/6/30,0303.HK
2025/6/30,0288.HK
2025/6/30,1336.HK
2025/6/30,0322.HK
2025/6/30,3888.HK
2025/6/30,1316.HK
2025/6/30,2618.HK
2025/6/30,6030.HK
2025/6/30,0002.HK
2025/6/30,3968.HK
2025/6/30,6963.HK
2025/6/30,1299.HK
2025/6/30,0293.HK
2025/6/30,0179.HK
2025/6/30,1308.HK
2025/6/30,1208.HK
2025/6/30,3606.HK
2025/6/30,0300.HK
2025/6/30,0144.HK
2025/7/31,0700.HK
2025/7/31,9992.HK
2025/7/31,2601.HK
2025/7/31,1929.HK
2025/7/31,0316.HK
2025/7/31,2588.HK
2025/7/31,2582.HK
2025/7/31,1398.HK
2025/7/31,0303.HK
2025/7/31,6069.HK
2025/7/31,1211.HK
2025/7/31,2628.HK
2025/7/31,0288.HK
2025/7/31,3808.HK
2025/7/31,0066.HK
2025/7/31,1658.HK
2025/7/31,2600.HK
2025/7/31,1478.HK
2025/7/31,6936.HK
2025/7/31,0300.HK
2025/7/31,6030.HK
2025/7/31,0788.HK
2025/7/31,1310.HK
2025/7/31,3968.HK
2025/7/31,1515.HK
2025/7/31,0322.HK
2025/7/31,0144.HK
2025/7/31,1530.HK
2025/7/31,9987.HK
2025/7/31,1357.HK
2025/8/29,2865.HK
2025/8/29,2888.HK
2025/8/29,2601.HK
2025/8/29,6936.HK
2025/8/29,1478.HK
2025/8/29,0316.HK
2025/8/29,3968.HK
2025/8/29,9636.HK
2025/8/29,0303.HK
2025/8/29,2588.HK
2025/8/29,0288.HK
2025/8/29,2618.HK
2025/8/29,1308.HK
2025/8/29,1310.HK
2025/8/29,1336.HK
2025/8/29,6618.HK
2025/8/29,2600.HK
2025/8/29,9899.HK
2025/8/29,0300.HK
2025/8/29,1208.HK
2025/8/29,1929.HK
2025/8/29,1211.HK
2025/8/29,3998.HK
2025/8/29,2338.HK
2025/8/29,2378.HK
2025/8/29,6160.HK
2025/8/29,0144.HK
2025/8/29,9988.HK
2025/8/29,2570.HK
2025/8/29,2196.HK
2025/9/30,2888.HK
2025/9/30,1478.HK
2025/9/30,1211.HK
2025/9/30,1308.HK
2025/9/30,0780.HK
2025/9/30,1818.HK
2025/9/30,2865.HK
2025/9/30,0788.HK
2025/9/30,3998.HK
2025/9/30,1405.HK
2025/9/30,3306.HK
2025/9/30,0303.HK
2025/9/30,1398.HK
2025/9/30,1310.HK
2025/9/30,2610.HK
2025/9/30,0939.HK
2025/9/30,3908.HK
2025/9/30,9633.HK
2025/9/30,2382.HK
2025/9/30,1787.HK
2025/9/30,0189.HK
2025/9/30,0179.HK
2025/9/30,0991.HK
2025/9/30,2386.HK
2025/9/30,1336.HK
2025/9/30,6618.HK
2025/9/30,0425.HK
2025/9/30,2039.HK
2025/9/30,2359.HK
2025/9/30,6066.HK
