date,close,nav
2017-01-25,2866.6082,1.0
2017-01-26,2902.9348,1.0126723282239964
2017-01-27,2898.3998,1.011090319214185
2017-02-01,2894.5706,1.0097545245283257
2017-02-02,2880.6776,1.004908030333549
2017-02-03,2878.771,1.0042429237452122
2017-02-06,2907.21,1.014163707478406
2017-02-07,2906.1198,1.0137833973962678
2017-02-08,2929.7238,1.0220175188224188
2017-02-09,2939.3275,1.0253677150578164
2017-02-10,2947.3455,1.0281647488484822
2017-02-13,2967.1847,1.0350855411632465
2017-02-14,2966.5057,1.03484867586718
2017-02-15,2996.8446,1.0454322289317388
2017-02-16,3008.4353,1.0494755788391312
2017-02-17,2993.2845,1.0441903082534962
2017-02-20,3008.8325,1.0496141398046652
2017-02-21,2982.7243,1.0405064424220931
2017-02-22,3017.5512,1.0526556088132308
2017-02-23,3008.5623,1.0495198820682925
2017-02-24,2984.7905,1.0412272245645569
2017-02-27,2973.6592,1.0373441337396578
2017-02-28,2955.756,1.031098704036359
2017-03-01,2964.8607,1.0342748269540287
2017-03-02,2963.2289,1.0337055827859558
2017-03-03,2944.127,1.0270419933913535
2017-03-06,2952.876,1.0300940323829395
2017-03-07,2965.2806,1.03442130668572
2017-03-08,2978.5611,1.0390541337319832
2017-03-09,2944.7601,1.0272628467329439
2017-03-10,2951.2973,1.0295433118484765
2017-03-13,2990.9184,1.0433649076982336
2017-03-14,2990.9906,1.043390094258434
2017-03-15,2992.1806,1.0438052190041178
2017-03-16,3047.3864,1.0630634489917385
2017-03-17,3047.7938,1.0632055681693786
2017-03-20,3064.7567,1.0691229795547226
2017-03-21,3077.9816,1.0737364108565657
2017-03-22,3043.5818,1.0617362358762525
2017-03-23,3048.8815,1.0635850061407066
2017-03-24,3050.0567,1.0639949679903937
2017-03-27,3020.2156,1.0535850696303737
2017-03-28,3041.6833,1.0610739549269412
2017-03-29,3047.1623,1.062985272978707
2017-03-30,3032.3613,1.0578220281376436
2017-03-31,3015.8302,1.0520552477314478
2017-04-03,3038.7701,1.0600577016419614
2017-04-05,3057.233,1.0664983795134613
2017-04-06,3044.2252,1.061960682314381
2017-04-07,3045.6812,1.0624685996502765
2017-04-10,3041.1041,1.0608719042944201
2017-04-11,3023.0919,1.054588450559794
2017-04-12,3047.4309,1.0630789725641612
2017-04-13,3041.8233,1.0611227931323157
2017-04-18,2998.9736,1.0461749184977562
2017-04-19,2989.4615,1.0428566764024465
2017-04-20,3014.3305,1.051532085898589
2017-04-21,3012.5577,1.0509136546808175
2017-04-24,3021.729,1.0541130106304726
2017-04-25,3060.2285,1.0675433426863148
2017-04-26,3071.7768,1.071571901594365
2017-04-27,3077.6286,1.073613268810157
2017-04-28,3069.0217,1.070610800597026
2017-05-02,3075.2705,1.0727906590094871
2017-05-04,3067.4751,1.070071277965367
2017-05-05,3039.7323,1.0603933596506143
2017-05-08,3054.171,1.0654302181930546
2017-05-09,3092.1094,1.078664813698642
2017-05-10,3104.1698,1.0828720157850662
2017-05-11,3116.8925,1.087310257467344
2017-05-12,3119.477,1.0882118456229908
2017-05-15,3140.6165,1.0955862402123875
2017-05-16,3141.6141,1.0959342473101137
2017-05-17,3134.4346,1.093429719485209
2017-05-18,3111.2121,1.0853286821687038
2017-05-19,3121.1506,1.0887956714838114
2017-05-22,3149.1348,1.0985578008184027
2017-05-23,3146.8768,1.0977701103345758
2017-05-24,3150.6216,1.0990764625594804
2017-05-25,3178.679,1.1088641272985962
2017-05-26,3179.4245,1.1091241907422158
2017-05-29,3191.8087,1.1134443486207846
2017-05-31,3185.1886,1.1111349643107837
2017-06-01,3198.0973,1.1156380910373451
2017-06-02,3211.4888,1.120309639803584
2017-06-05,3207.4117,1.1188873666097794
2017-06-06,3220.1206,1.123320794240385
2017-06-07,3221.4683,1.1237909317359798
2017-06-08,3235.2125,1.1285855178953301
2017-06-09,3225.5737,1.1252230772241563
2017-06-12,3188.9001,1.1124297000196957
2017-06-13,3205.2117,1.1181199090967506
2017-06-14,3205.5296,1.1182308067073832
2017-06-15,3166.3701,1.1045702373976325
2017-06-16,3172.2156,1.1066094068941825
2017-06-19,3208.6054,1.1193037820794622
2017-06-20,3202.9309,1.117324264962334
2017-06-21,3187.7644,1.1120335175208107
2017-06-22,3186.4326,1.111568926649969
2017-06-23,3189.7855,1.1127385667842573
2017-06-26,3215.4995,1.1217087497342677
2017-06-27,3214.4514,1.1213431259981743
2017-06-28,3194.763,1.114474939407485
2017-06-29,3235.0546,1.128530435376554
2017-06-30,3215.6621,1.1217654718213672
2017-07-03,3227.3912,1.1258571017832153
2017-07-04,3178.059,1.108647843817652
2017-07-05,3195.8804,1.114864738055239
2017-07-06,3196.4701,1.115070451553163
2017-07-07,3182.2705,1.1101170016886157
2017-07-10,3197.0047,1.115256943728829
2017-07-11,3241.9378,1.1309316006282268
2017-07-12,3256.3034,1.1359429586505752
2017-07-13,3296.0049,1.1497926015839903
2017-07-14,3304.5965,1.1527897324789624
2017-07-17,3312.0638,1.1553946577003442
2017-07-18,3315.5795,1.1566210896905966
2017-07-19,3347.93,1.1679063779975232
2017-07-20,3356.0987,1.1707559826278318
2017-07-21,3350.6339,1.168849618165468
2017-07-24,3366.628,1.17442906916962
2017-07-25,3366.8427,1.1745039660460053
2017-07-26,3374.3594,1.1771261241769977
2017-07-27,3400.4703,1.186234763439245
2017-07-28,3374.9813,1.177343070462158
2017-07-31,3417.5835,1.1922046061265017
2017-08-01,3436.0673,1.1986525748443753
2017-08-02,3445.6575,1.2019980616813974
2017-08-03,3422.3079,1.1938526862512986
2017-08-04,3433.1173,1.1976234840882685
2017-08-07,3452.3477,1.204331899978518
2017-08-08,3476.5448,1.2127729209732951
2017-08-09,3467.5412,1.2096320662167923
2017-08-10,3425.869,1.1950949557738655
2017-08-11,3346.5259,1.167416565682049
2017-08-14,3396.8585,1.1849748075094462
2017-08-15,3385.5812,1.181040785413228
2017-08-16,3413.7745,1.1908758580959895
2017-08-17,3411.2919,1.1900098171769689
2017-08-18,3375.844,1.1776440184605625
2017-08-21,3390.3175,1.1826930167854819
2017-08-22,3420.8326,1.193338036219948
2017-08-23,3420.6785,1.1932842793096035
2017-08-24,3440.2383,1.200107604520213
2017-08-25,3473.9976,1.2118843447109375
2017-08-28,3470.3055,1.210596376581913
2017-08-29,3459.2736,1.20674796088283
2017-08-30,3499.9146,1.220925343058741
2017-08-31,3494.9614,1.219197447352589
2017-09-01,3495.2182,1.2192870305750187
2017-09-04,3470.1427,1.2105395847259488
2017-09-05,3474.9452,1.2122149095924584
2017-09-06,3462.7886,1.2079741486820557
2017-09-07,3457.4943,1.2061272621769517
2017-09-08,3471.8833,1.2111467831564844
2017-09-11,3509.0115,1.2240987449906826
2017-09-12,3517.8424,1.2271793543324128
2017-09-13,3517.6515,1.2271127599509413
2017-09-14,3512.2392,1.225224709815593
2017-09-15,3516.6721,1.2267711018199137
2017-09-18,3566.7724,1.2442483071108217
2017-09-19,3557.19,1.2409055412595276
2017-09-20,3574.5332,1.246955618141328
2017-09-21,3577.1433,1.247866136711672
2017-09-22,3547.539,1.2375388446876
2017-09-25,3479.6274,1.2138482684867782
2017-09-26,3476.9247,1.2129054469320222
2017-09-27,3503.1304,1.2220471566361946
2017-09-28,3472.5436,1.2113771250636902
2017-09-29,3494.1465,1.2189131741128765
2017-10-03,3576.5614,1.2476631441994759
2017-10-04,3601.643,1.2564127179989228
2017-10-06,3617.9756,1.262110252806784
2017-10-09,3598.0385,1.25515530863269
2017-10-10,3621.5413,1.2633541270132416
2017-10-11,3602.5657,1.2567345966567736
2017-10-12,3611.0448,1.259692482565284
2017-10-13,3615.7708,1.2613411208409993
2017-10-16,3640.7571,1.2700574497763593
2017-10-17,3635.6528,1.268276843692835
2017-10-18,3640.36,1.2699189236952577
2017-10-19,3571.3967,1.2458614679187758
2017-10-20,3618.534,1.2623050474773636
2017-10-23,3606.7159,1.25818237037067
2017-10-24,3590.5888,1.2525565230714124
2017-10-25,3614.2456,1.2608090634778761
2017-10-26,3597.6455,1.2550182128133172
2017-10-27,3609.6503,1.2592060191553207
2017-10-30,3594.0727,1.2537718618121583
2017-10-31,3593.7598,1.2536627084231462
2017-11-01,3634.7048,1.2679461392735847
2017-11-02,3623.3246,1.2639762210964163
2017-11-03,3632.4109,1.2671459252785224
2017-11-06,3632.5535,1.2671956704791396
2017-11-07,3683.0049,1.2847953550122404
2017-11-08,3671.398,1.2807463538267978
2017-11-09,3699.2875,1.2904754476038964
2017-11-10,3698.3228,1.2901389174844333
2017-11-13,3703.7433,1.2920298281432392
2017-11-14,3692.6315,1.2881535397826602
2017-11-15,3651.9275,1.2739541804143306
2017-11-16,3662.9151,1.277787142309856
2017-11-17,3681.2614,1.2841871449331652
2017-11-20,3690.912,1.2875537019673633
2017-11-21,3754.0313,1.3095725115137813
2017-11-22,3777.5762,1.3177860162403776
2017-11-23,3730.5361,1.3013763443500928
2017-11-24,3747.294,1.3072222426489952
2017-11-27,3716.5661,1.2965029891423598
2017-11-28,3720.2632,1.2977927014930049
2017-11-29,3716.7733,1.2965752696863142
2017-11-30,3659.834,1.276712318062859
2017-12-01,3646.4258,1.2720349435964078
2017-12-04,3660.076,1.2767967383892922
2017-12-05,3621.8798,1.263472210816951
2017-12-06,3536.4142,1.2336580213508075
2017-12-07,3548.9658,1.2380365757692313
2017-12-08,3605.8982,1.2578971203668503
2017-12-11,3653.501,1.2745030869583085
2017-12-12,3623.2708,1.2639574532717794
2017-12-13,3668.5636,1.2797575894745574
2017-12-14,3669.3724,1.2800397347638928
2017-12-15,3623.5374,1.2640504551685856
2017-12-18,3643.0275,1.270849465929805
2017-12-19,3673.0074,1.2813077838820108
2017-12-20,3666.4389,1.2790163999391335
2017-12-21,3690.8391,1.2875282712161362
2017-12-22,3718.6655,1.2972353529163838
2017-12-27,3718.5564,1.297197294000624
2017-12-28,3756.4898,1.310430145284591
2017-12-29,3765.3492,1.313520696689558
2018-01-02,3844.357,1.3410821192795024
2018-01-03,3857.1478,1.345544117260252
2018-01-04,3883.8961,1.3548751098946832
2018-01-05,3896.5086,1.359274908932445
2018-01-08,3921.3863,1.3679533533742072
2018-01-09,3934.2834,1.3724524335066088
2018-01-10,3943.5284,1.3756774992829506
2018-01-11,3939.8853,1.374406624525807
2018-01-12,3980.3078,1.3885077842169014
2018-01-15,3951.7538,1.3785468833864356
2018-01-16,4023.0271,1.4034101695515975
2018-01-17,4033.9678,1.4072267706483221
2018-01-18,4048.8718,1.4124259464547684
2018-01-19,4076.3453,1.4220099209930397
2018-01-22,4104.3503,1.4317793062895725
2018-01-23,4169.8011,1.4546114463776387
2018-01-24,4170.984,1.4550240943286217
2018-01-25,4130.6533,1.44095495854648
2018-01-26,4196.1654,1.463808482791614
2018-01-29,4171.4736,1.4551948885097028
2018-01-30,4116.3953,1.4359811361734052
2018-01-31,4143.3085,1.4453696532368812
2018-02-01,4110.952,1.4340822718640098
2018-02-02,4110.8745,1.4340552364288917
2018-02-05,4060.5771,1.416509273921703
2018-02-06,3841.0698,1.339935398217308
2018-02-07,3810.2217,1.329174213622915
2018-02-08,3827.2056,1.335098950739065
2018-02-09,3704.4123,1.2922632049960645
2018-02-12,3709.9581,1.2941978258486806
2018-02-13,3765.6963,1.3136417805544545
2018-02-14,3844.2299,1.3410377811659089
2018-02-15,3923.1136,1.368555912175232
2018-02-20,3903.1399,1.361588200298876
2018-02-21,3972.6604,1.3858400321327484
2018-02-22,3917.1282,1.36646793935774
2018-02-23,3960.512,1.3816021317458034
2018-02-26,3982.3397,1.3892166009990483
2018-02-27,3945.2559,1.37628012785284
2018-02-28,3892.2759,1.3577983555618098
2018-03-01,3921.6635,1.3680500530208488
2018-03-02,3860.0529,1.3465575449062066
2018-03-05,3779.221,1.318359795384664
2018-03-06,3860.729,1.3467933985537333
2018-03-07,3823.8244,1.3339194383104045
2018-03-08,3882.8801,1.3545206840613935
2018-03-09,3922.2088,1.3682402778307827
2018-03-12,3996.4762,1.3941480387867444
2018-03-13,3996.3947,1.3941196079743299
2018-03-14,3979.4975,1.3882251156610799
2018-03-15,3996.9787,1.3943233330596068
2018-03-16,3993.2359,1.3930176785233503
2018-03-19,3985.7922,1.3904209860280172
2018-03-20,3995.8465,1.3939283715158561
2018-03-21,3971.2514,1.3853485104800858
2018-03-22,3916.0465,1.3660905944523565
2018-03-23,3808.9278,1.3287228439519567
2018-03-26,3841.7216,1.3401627749477587
2018-03-27,3879.0126,1.3531715286379213
2018-03-28,3776.1627,1.3172929247882565
2018-03-29,3782.2955,1.3194323172591218
2018-04-03,3796.1279,1.324257671487858
2018-04-04,3724.2972,1.2991999394964404
2018-04-06,3765.8914,1.3137098400820872
2018-04-09,3809.1089,1.3287860196590522
2018-04-10,3873.5279,1.351258222173508
2018-04-11,3885.8173,1.3555453096101517
2018-04-12,3869.2394,1.349762203289588
2018-04-13,3859.9752,1.3465304397022235
2018-04-16,3800.2981,1.3257124220882366
2018-04-17,3758.2101,1.3110302621753471
2018-04-18,3778.9591,1.3182684330561811
2018-04-19,3832.0134,1.336776124480492
2018-04-20,3790.4076,1.3222621773006857
2018-04-23,3763.3821,1.312834485019613
2018-04-24,3818.8299,1.332177135333667
2018-04-25,3785.7644,1.320642423335006
2018-04-26,3747.0514,1.3071376130159678
2018-04-27,3780.9021,1.318946237577915
2018-04-30,3844.3595,1.3410829913903126
2018-05-02,3834.4127,1.337613106667315
2018-05-03,3788.0205,1.3214294510146172
2018-05-04,3748.1969,1.3075372141892287
2018-05-07,3760.4236,1.3118024290867514
2018-05-08,3813.1542,1.33019719960335
2018-05-09,3828.0291,1.3353862240399648
2018-05-10,3862.1527,1.3472900482179602
2018-05-11,3894.705,1.358645733309491
2018-05-14,3946.6924,1.3767812427244155
2018-05-15,3905.8087,1.3625191960310445
2018-05-16,3900.8042,1.360773404611066
2018-05-17,3885.9027,1.3555751009154302
2018-05-18,3900.2044,1.3605641677854685
2018-05-21,3915.7575,1.3659897784426906
2018-05-23,3860.157,1.3465938596003457
2018-05-24,3873.3239,1.3511870579313907
2018-05-25,3857.4003,1.3456322004520882
2018-05-28,3879.5413,1.353355962632075
2018-05-29,3837.0789,1.338543195404241
2018-05-30,3781.8524,1.3192777443391113
2018-05-31,3841.2887,1.3400117602398542
2018-06-01,3839.4727,1.3393782589472811
2018-06-04,3905.488,1.3624073216563044
2018-06-05,3917.3159,1.3665334174373742
2018-06-06,3939.3782,1.374229725569054
2018-06-07,3963.8334,1.3827607832838822
2018-06-08,3895.5722,1.3589482511073538
2018-06-11,3909.5272,1.3638163736502253
2018-06-12,3918.3215,1.3668842152896932
2018-06-13,3880.1255,1.3535597574862166
2018-06-14,3843.7153,1.340858265876725
2018-06-15,3823.0213,1.3336392814337166
2018-06-19,3705.4944,1.2926406894391775
2018-06-20,3728.6776,1.3007280171737456
2018-06-21,3685.1974,1.2855601961928387
2018-06-22,3692.2791,1.288030607042846
2018-06-25,3634.0266,1.2677095530529774
2018-06-26,3612.321,1.2601376776917055
2018-06-27,3532.181,1.2321812935580105
2018-06-28,3533.4594,1.2326272561419451
2018-06-29,3614.1671,1.2607816791984339
2018-07-03,3557.4907,1.2410104387477856
2018-07-04,3504.8024,1.2226304243460966
2018-07-05,3495.6244,1.21942873113947
2018-07-06,3510.064,1.224465903641802
2018-07-09,3571.1251,1.2457667218003492
2018-07-10,3564.5659,1.2434785821096863
2018-07-11,3516.8144,1.226820742367234
2018-07-12,3544.0192,1.2363109824356184
2018-07-13,3554.2034,1.2398636828011584
2018-07-16,3550.5988,1.2386062385504932
2018-07-17,3510.103,1.2244795085704423
2018-07-18,3508.8252,1.2240337552931022
2018-07-19,3489.0423,1.217132602913785
2018-07-20,3511.9953,1.2251396266849441
2018-07-23,3515.5865,1.2263923964216665
2018-07-24,3573.0768,1.2464475612677028
2018-07-25,3606.0468,1.257948958633412
2018-07-26,3584.2698,1.2503521757873992
2018-07-27,3588.0959,1.2516868890558535
2018-07-30,3571.3208,1.2458349906345763
2018-07-31,3546.6651,1.2372339896327653
2018-08-01,3522.5549,1.228823283209753
2018-08-02,3444.5085,1.201597239553002
2018-08-03,3430.4705,1.19670016293123
2018-08-06,3434.9049,1.1982470782020367
2018-08-07,3494.7643,1.219128690136308
2018-08-08,3508.2281,1.2238254603471794
2018-08-09,3548.4717,1.2378642117886915
2018-08-10,3527.8299,1.2306634370194016
2018-08-13,3469.1398,1.210189728753305
2018-08-14,3432.1677,1.1972922215180992
2018-08-15,3356.7217,1.1709733126417485
2018-08-16,3331.0835,1.1620295720915053
2018-08-17,3345.6361,1.1671061640024611
2018-08-20,3396.5472,1.1848662122713525
2018-08-21,3431.5242,1.1970677401955383
2018-08-22,3453.945,1.2048891090174094
2018-08-23,3439.6961,1.1999184611276839
2018-08-24,3421.8222,1.1936832525630814
2018-08-27,3496.5792,1.2197618077001244
2018-08-28,3504.0716,1.2223754889140415
2018-08-29,3508.2244,1.2238241696231804
2018-08-30,3472.4269,1.2113364149310673
2018-08-31,3433.2499,1.1976697408456445
2018-09-03,3404.3192,1.1875774303582889
2018-09-04,3435.8948,1.1985923991984673
2018-09-05,3349.079,1.168307200125919
2018-09-06,3312.812,1.1556556630236388
2018-09-07,3312.0629,1.1553943437404526
2018-09-10,3262.3197,1.1380417107576821
2018-09-11,3230.8124,1.12705056798484
2018-09-12,3214.272,1.1212805433264301
2018-09-13,3300.3347,1.151303027738496
2018-09-14,3336.7389,1.164002426282043
2018-09-17,3292.5198,1.1485768442300555
2018-09-18,3316.5333,1.1569538174069272
2018-09-19,3362.2565,1.1729040962067994
2018-09-20,3375.2813,1.1774477237593892
2018-09-21,3447.4499,1.2026233302479215
2018-09-24,3384.1402,1.180538100742194
2018-09-26,3412.9305,1.1905814334864457
2018-09-27,3397.7184,1.1852747787437432
2018-09-28,3400.0702,1.186095190825171
2018-10-02,3323.9207,1.159530869966813
2018-10-03,3325.9125,1.1602256980915633
2018-10-04,3271.2207,1.1411467740865318
2018-10-05,3258.7241,1.1367874061059338
2018-10-08,3204.0328,1.1177086565230643
2018-10-09,3199.9325,1.1162782901409407
2018-10-10,3193.373,1.1139900457969805
2018-10-11,3065.6002,1.069417229742104
2018-10-12,3137.5172,1.094505066998692
2018-10-15,3089.1635,1.0776371532042641
2018-10-16,3091.8233,1.078565009337516
2018-10-18,3087.2288,1.07696224409042
2018-10-19,3105.1773,1.0832234764416009
2018-10-22,3181.6084,1.1098860318616266
2018-10-23,3082.0718,1.0751632539110159
2018-10-24,3069.6857,1.0708424332282311
2018-10-25,3041.4166,1.0609809181457026
2018-10-26,3001.9691,1.0472198816706098
2018-10-29,3002.2509,1.0473181860011425
2018-10-30,2978.9548,1.039191473742383
2018-10-31,3039.7346,1.0603941619925596
2018-11-01,3099.3643,1.0811956443855844
2018-11-02,3240.4448,1.1304107760523394
2018-11-05,3174.8444,1.107526448853387
2018-11-06,3195.5284,1.1147419448531544
2018-11-07,3200.7376,1.1165591447062768
2018-11-08,3206.1268,1.1184391365377382
2018-11-09,3128.9746,1.0915250294756011
2018-11-12,3127.612,1.091049694199577
2018-11-13,3147.3514,1.0979356718507955
2018-11-14,3135.6786,1.0938636818243945
2018-11-15,3193.9079,1.1141766426259438
2018-11-16,3203.8002,1.1176275153332778
2018-11-19,3228.5284,1.1262538075485866
2018-11-20,3164.6434,1.103967887903202
2018-11-21,3185.4049,1.1112104193380874
2018-11-22,3191.1343,1.113209088008609
2018-11-23,3172.3761,1.1066653964082012
2018-11-26,3220.0378,1.123291909930349
2018-11-27,3219.3033,1.1230356837742945
2018-11-28,3263.8521,1.1385762797999393
2018-11-29,3241.1366,1.1306521065557544
2018-11-30,3250.0682,1.133767844520922
2018-12-03,3332.0147,1.1623544159261108
2018-12-04,3344.6535,1.1667633895695966
2018-12-05,3291.092,1.1480787643041
2018-12-06,3204.7686,1.11796533617674
2018-12-07,3190.1301,1.1128587785383435
2018-12-10,3151.6367,1.0994305744328785
2018-12-11,3158.9424,1.101979126411485
2018-12-12,3205.1953,1.1181141880498353
2018-12-13,3251.9115,1.1344108692635428
2018-12-14,3198.2361,1.1156865106295306
2018-12-17,3192.7461,1.1137713552901995
2018-12-18,3153.8599,1.1002061251342266
2018-12-19,3154.7412,1.1005135616370594
2018-12-20,3126.3485,1.0906089293960717
2018-12-21,3138.5417,1.0948624580087367
2018-12-24,3122.509,1.0892695416136742
2018-12-27,3101.9664,1.0821033722013353
2018-12-28,3112.3334,1.0857198413093216
2018-12-31,3153.9106,1.1002238115414587
2019-01-02,3067.5527,1.0700983482849173
2019-01-03,3052.0442,1.0646882960845503
2019-01-04,3109.7473,1.0848176950027562
2019-01-07,3141.0261,1.0957291268475406
2019-01-08,3145.7883,1.0973903932877886
2019-01-09,3212.355,1.1206118087571229
2019-01-10,3224.8937,1.1249858630837657
2019-01-11,3244.2427,1.131735651910854
2019-01-14,3198.7007,1.1158485837025094
2019-01-15,3263.9624,1.1386147573288878
2019-01-16,3279.8503,1.1441571610658199
2019-01-17,3261.3003,1.1376860988536905
2019-01-18,3303.9361,1.1525593556873241
2019-01-21,3319.0529,1.1578327655659395
2019-01-22,3292.7873,1.1486701600867533
2019-01-23,3292.0009,1.148395828910278
2019-01-24,3307.2307,1.1537086581975171
2019-01-25,3364.0858,1.1735422371288828
2019-01-28,3359.6283,1.171987263554189
2019-01-29,3358.1643,1.171476555463701
2019-01-30,3370.9753,1.1759456000997974
2019-01-31,3413.2597,1.1906962730379407
2019-02-01,3419.4455,1.1928541542579831
2019-02-04,3425.6881,1.195031849835635
2019-02-08,3420.1332,1.1930940544996698
2019-02-11,3444.515,1.2015995070411085
2019-02-12,3450.9246,1.2038354596208856
2019-02-13,3493.1496,1.2185654112061775
2019-02-14,3482.1958,1.214744240248807
2019-02-15,3411.9448,1.1902375776361764
2019-02-18,3469.848,1.2104367803036353
2019-02-19,3451.1941,1.2039294731662318
2019-02-20,3489.9398,1.2174456906946682
2019-02-21,3509.4995,1.2242689810208454
2019-02-22,3538.7429,1.2344703751283486
2019-02-25,3564.3712,1.2434106621197831
2019-02-26,3541.5658,1.2354551277708616
2019-02-27,3525.9359,1.2300027258695485
2019-02-28,3503.9144,1.2223206505862922
2019-03-01,3534.8037,1.233096207566838
2019-03-04,3568.1798,1.2447392706125657
2019-03-05,3581.0005,1.249211699038606
2019-03-06,3590.5237,1.2525338133059132
2019-03-07,3548.8176,1.2379848770403992
2019-03-08,3465.8911,1.2090564381975883
2019-03-11,3504.6138,1.2225646323065704
2019-03-12,3554.1747,1.2398536709690566
2019-03-13,3538.4437,1.2343660009065764
2019-03-14,3534.4544,1.2329743562444284
2019-03-15,3554.1824,1.2398563570703522
2019-03-18,3610.5594,1.259523153530364
2019-03-19,3616.0889,1.261452088220497
2019-03-20,3599.7737,1.2557606233038754
2019-03-21,3572.8389,1.2463645712029987
2019-03-22,3576.8658,1.2477693324117332
2019-03-25,3500.5523,1.221147801084222
2019-03-26,3504.5596,1.222545724944204
2019-03-27,3528.292,1.23082463798157
2019-03-28,3528.5667,1.2309204655174013
2019-03-29,3570.0798,1.2454020748283634
2019-04-01,3627.7639,1.265524845704411
2019-04-02,3637.7135,1.2689957071915163
2019-04-03,3688.7616,1.28680354713281
2019-04-04,3682.3196,1.284556291996932
2019-04-08,3704.0495,1.2921366442752797
2019-04-09,3720.6679,1.2979338787909698
2019-04-10,3721.6956,1.2982923861028515
2019-04-11,3685.536,1.2856783148809803
2019-04-12,3697.2947,1.289780270634822
2019-04-15,3688.015,1.286543099960434
2019-04-16,3719.7679,1.297619918899276
2019-04-17,3725.7438,1.2997045776956893
2019-04-18,3705.0816,1.2924966865021874
2019-04-23,3691.9057,1.2879003485722254
2019-04-24,3682.4658,1.284607293037116
2019-04-25,3633.9361,1.2676779826416458
2019-04-26,3638.965,1.2694322858631326
2019-04-29,3669.5312,1.2800951312425604
2019-04-30,3652.9172,1.2742994316418965
2019-05-02,3678.9566,1.2833831285349704
2019-05-03,3692.1469,1.2879844898231994
2019-05-06,3574.4618,1.246930710656587
2019-05-07,3595.0888,1.2541263225298804
2019-05-08,3551.1486,1.2387980331598856
2019-05-09,3463.0249,1.2080565805958414
2019-05-10,3502.7103,1.2219006071356386
2019-05-14,3434.7836,1.198204763385523
2019-05-15,3458.5057,1.2064800833263507
2019-05-16,3451.5502,1.2040536966300452
2019-05-17,3400.7375,1.1863279746426456
2019-05-20,3359.4695,1.1719318670755214
2019-05-21,3354.1189,1.1700653406349706
2019-05-22,3358.5496,1.171610965181778
2019-05-23,3298.3102,1.1505967924043474
2019-05-24,3306.9461,1.1536093771028773
2019-05-27,3303.1129,1.1522721870397217
2019-05-28,3323.813,1.159493299433107
2019-05-29,3305.3236,1.1530433771870185
2019-05-30,3301.2323,1.1516161504038118
2019-05-31,3289.8223,1.1476358366657848
2019-06-03,3291.7503,1.1483084085226576
2019-06-04,3265.3409,1.1390956392296652
2019-06-05,3283.6966,1.1454989209896211
2019-06-06,3286.5144,1.1464818945260813
2019-06-10,3361.4461,1.1726213927665454
2019-06-11,3392.7054,1.1835260221470096
2019-06-12,3338.8741,1.1647472786828699
2019-06-13,3335.882,1.1637035015807182
2019-06-14,3310.5623,1.154870867947702
2019-06-17,3314.7595,1.1563350373448313
2019-06-18,3342.6745,1.1660730266521948
2019-06-19,3428.4497,1.1959952183210807
2019-06-20,3474.8267,1.2121735715400521
2019-06-21,3463.3125,1.2081569082234538
2019-06-24,3468.5049,1.2099682474919313
2019-06-25,3424.346,1.194563665868255
2019-06-26,3429.1326,1.196233444110011
2019-06-27,3475.3816,1.2123671452554974
2019-06-28,3469.4061,1.210282625996814
2019-07-02,3520.5178,1.2281126524371206
2019-07-03,3512.1817,1.2252046512669572
2019-07-04,3506.7985,1.2233267525014404
2019-07-05,3504.5749,1.2225510622623628
2019-07-08,3448.7334,1.203071071937909
2019-07-09,3426.144,1.195190887962994
2019-07-10,3445.7964,1.2020465161580156
2019-07-11,3466.1403,1.209143370203155
2019-07-12,3463.4433,1.2082025370610465
2019-07-15,3477.9307,1.213256384322071
2019-07-16,3487.9971,1.2167679908262314
2019-07-17,3487.9994,1.216768793168177
2019-07-18,3466.8393,1.2093872123857037
2019-07-19,3502.7679,1.221920700568707
2019-07-22,3457.497,1.2061282040566268
2019-07-23,3466.2143,1.2091691846831387
2019-07-24,3478.6393,1.2135035754101309
2019-07-25,3495.2724,1.2193059379373852
2019-07-26,3469.3984,1.2102799398955182
2019-07-29,3444.4341,1.2015712855352887
2019-07-30,3449.5058,1.2033405192938469
2019-07-31,3406.2877,1.1882641304102877
2019-08-01,3386.3019,1.1812921975176098
2019-08-02,3298.5531,1.1506815266906723
2019-08-05,3199.6368,1.1161751368743034
2019-08-06,3169.4135,1.1056319102136107
2019-08-07,3175.214,1.1076553817155759
2019-08-08,3198.5189,1.1157851638043874
2019-08-09,3173.8659,1.1071851046822512
2019-08-12,3166.1389,1.1044895845898997
2019-08-13,3100.6763,1.0816533281388088
2019-08-14,3109.664,1.0847886362705583
2019-08-15,3114.1958,1.086369528978533
2019-08-16,3135.8874,1.0939365205192673
2019-08-19,3207.733,1.118999450291114
2019-08-20,3202.3735,1.1171298191360786
2019-08-21,3209.7326,1.1196969994015924
2019-08-22,3187.6995,1.1120108775241766
2019-08-23,3206.1043,1.1184312875404459
2019-08-26,3141.2233,1.0957979189482538
2019-08-27,3145.4666,1.0972781700687244
2019-08-28,3135.3571,1.093751528374195
2019-08-29,3142.6096,1.0962815218347592
2019-08-30,3154.219,1.1003313951310123
2019-09-02,3154.9692,1.100593098142955
2019-09-03,3137.3641,1.0944516589326716
2019-09-04,3241.9685,1.1309423101489766
2019-09-05,3253.3425,1.1349100654913358
2019-09-06,3274.855,1.142414579013623
2019-09-09,3270.9354,1.141047248800865
2019-09-10,3267.9242,1.139996808772123
2019-09-11,3316.8353,1.1570591683928066
2019-09-12,3321.6224,1.1587291210567248
2019-09-13,3354.1291,1.1700688988470764
2019-09-16,3328.3185,1.1610650175353576
2019-09-17,3286.5482,1.146493685464236
2019-09-18,3288.7338,1.1472561196189976
2019-09-19,3256.1438,1.1358872830964482
2019-09-20,3253.2828,1.1348892394851866
2019-09-23,3222.1717,1.1240363088335545
2019-09-24,3222.0944,1.1240093431673013
2019-09-25,3180.1662,1.1093829285774037
2019-09-26,3193.0894,1.1138911135466645
2019-09-27,3181.673,1.1099085672049636
2019-09-30,3193.9205,1.1141810380644275
2019-10-02,3184.847,1.1110157990896699
2019-10-03,3191.8936,1.113473965503901
2019-10-04,3168.3171,1.105249437296663
2019-10-08,3176.8453,1.1082244514614867
2019-10-09,3152.3246,1.0996705444434296
2019-10-10,3162.7563,1.1033095837791853
2019-10-11,3230.8497,1.1270635798781292
2019-10-14,3259.6579,1.1371131569357822
2019-10-15,3255.9013,1.135802688347853
2019-10-16,3274.5384,1.1423041349006118
2019-10-17,3291.3474,1.148167859144476
2019-10-18,3278.0561,1.1435312645795124
2019-10-21,3275.3835,1.142598943238912
2019-10-22,3280.8635,1.144510610135002
2019-10-23,3250.9545,1.1340770252453753
2019-10-24,3274.9045,1.1424318468076662
2019-10-25,3265.8059,1.1392578518403735
2019-10-28,3296.2682,1.149884452294527
2019-10-29,3281.9303,1.1448827572599563
2019-10-30,3268.0365,1.14003598398972
2019-10-31,3294.4576,1.1492528347613042
2019-11-01,3317.9484,1.1574474670099668
2019-11-04,3377.9731,1.1783867429110124
2019-11-05,3397.5746,1.185224614929937
2019-11-06,3397.1405,1.1850731816088433
2019-11-07,3415.599,1.1915123245653172
2019-11-08,3390.4434,1.1827369362858866
2019-11-11,3304.6503,1.152808500303599
2019-11-12,3331.2618,1.162091771034493
2019-11-13,3279.2362,1.1439429357663875
2019-11-14,3246.4058,1.1324902370683234
2019-11-15,3246.5001,1.1325231330880865
2019-11-18,3290.0703,1.1477223500581628
2019-11-19,3337.9684,1.164431330378529
2019-11-20,3317.2822,1.1572150669212486
2019-11-21,3264.0119,1.138632025122931
2019-11-22,3282.7773,1.1451782284024723
2019-11-25,3323.7194,1.1594606476043707
2019-11-26,3316.7037,1.1570132604797545
2019-11-27,3323.1011,1.1592449571587773
2019-11-28,3320.5221,1.1583452876469131
2019-11-29,3255.5103,1.1356662902171284
2019-12-02,3271.1439,1.1411199828424408
2019-12-03,3268.3422,1.1401426256995986
2019-12-04,3229.748,1.1266792580862637
2019-12-05,3252.1328,1.134488068512467
2019-12-06,3284.5783,1.1458064970301836
2019-12-09,3284.8341,1.1458957314082894
2019-12-10,3276.4107,1.1429572761286317
2019-12-11,3306.2135,1.1533538137510384
2019-12-12,3345.6412,1.167107943108514
2019-12-13,3425.7314,1.1950469547948688
2019-12-16,3413.5431,1.1907951355193918
2019-12-17,3463.2392,1.208131337934497
2019-12-18,3469.6391,1.2103639067243301
2019-12-19,3455.6965,1.2055001098510776
2019-12-20,3457.5422,1.2061439718200764
2019-12-23,3462.4558,1.207858053290994
2019-12-24,3459.5765,1.2068536258286011
2019-12-27,3504.5228,1.222532887473077
2019-12-30,3515.3427,1.22630734817545
2019-12-31,3496.7746,1.2198299718810544
2020-01-02,3550.5167,1.2385775984314842
2020-01-03,3539.8938,1.2348718600609598
2020-01-06,3510.5638,1.2246402560349894
2020-01-07,3530.9122,1.2317386798795873
2020-01-08,3496.8547,1.219857914311415
2020-01-09,3559.7668,1.2418044433138786
2020-01-10,3572.1257,1.2461157754310477
2020-01-13,3611.1122,1.2597159946727285
2020-01-14,3603.4214,1.2570331027449095
2020-01-15,3596.0618,1.2544657480572337
2020-01-16,3609.7203,1.2592304382580082
2020-01-17,3630.321,1.2664168755255776
2020-01-20,3596.3327,1.2545602499846333
2020-01-21,3488.4989,1.2169430409080668
2020-01-22,3542.7252,1.235859577880228
2020-01-23,3473.3172,1.2116469910328171
2020-01-24,3480.7447,1.2142380322500996
2020-01-29,3382.4489,1.179948100336837
2020-01-30,3288.0201,1.1470071494248848
2020-01-31,3272.8654,1.1417205183463859
2020-02-03,3285.0944,1.1459865355858536
2020-02-04,3341.4999,1.165663274109102
2020-02-05,3354.7686,1.170291984792341
2020-02-06,3434.0887,1.197962351464703
2020-02-07,3423.5632,1.1942905905313463
2020-02-10,3404.8879,1.187775818125407
2020-02-11,3449.0184,1.2031704925702786
2020-02-12,3485.0994,1.2157571446282753
2020-02-13,3484.5027,1.2155489892200824
2020-02-14,3491.9582,1.21814979807844
2020-02-17,3513.8545,1.2257881980523184
2020-02-18,3461.6322,1.2075707451056616
2020-02-19,3479.106,1.2136663810561905
2020-02-20,3478.1814,1.2133438395941238
2020-02-21,3438.6388,1.1995496280238087
2020-02-24,3373.305,1.1767583027216624
2020-02-25,3388.9424,1.1822133209554064
2020-02-26,3365.8843,1.1741696336457839
2020-02-27,3383.2687,1.1802340829137374
2020-02-28,3291.7503,1.1483084085226576
2020-03-02,3326.7202,1.1605074596521423
2020-03-03,3328.8621,1.1612546493099405
2020-03-04,3330.0732,1.1616771346708628
2020-03-05,3400.9762,1.1864112437828092
2020-03-06,3324.214,1.1596331860070728
2020-03-09,3172.6424,1.10675829365171
2020-03-10,3214.4128,1.121329660607264
2020-03-11,3193.8465,1.1141552235844439
2020-03-12,3071.3247,1.0714141890754376
2020-03-13,3037.4074,1.059582331481505
2020-03-16,2887.8095,1.007395953168626
2020-03-17,2897.4913,1.0107733941457364
2020-03-18,2773.9947,0.9676923061895937
2020-03-19,2708.3077,0.9447777690721738
2020-03-20,2860.0529,0.997713220802201
2020-03-23,2727.9763,0.9516390485452458
2020-03-24,2856.4568,0.9964587417282905
2020-03-25,2977.223,1.0385873451418997
2020-03-26,2966.2843,1.0347714417338232
2020-03-27,2980.9498,1.0398874181689706
2020-03-30,2936.2641,1.024299065355356
2020-03-31,2996.687,1.04537725106626
2020-04-01,2933.7597,1.02342541963007
2020-04-02,2960.1412,1.0326284561664199
2020-04-03,2947.5298,1.0282290408574146
2020-04-06,3001.7097,1.0471293914529372
2020-04-07,3070.9081,1.071268860530016
2020-04-08,3037.4635,1.059601901648087
2020-04-09,3086.5958,1.0767414256332624
2020-04-14,3105.7267,1.0834151315132636
2020-04-15,3075.6532,1.072924161732322
2020-04-16,3073.5891,1.0722041121629389
2020-04-17,3117.1765,1.0874093292553897
2020-04-20,3118.8177,1.0879818525601093
2020-04-21,3052.0329,1.0646843541436881
2020-04-22,3078.1036,1.0737789698641063
2020-04-23,3088.0357,1.0772437265755397
2020-04-24,3063.4935,1.0686823194045143
2020-04-27,3123.0824,1.0894695689491154
2020-04-28,3158.6944,1.1018926130191073
2020-04-29,3174.1349,1.1072789438054353
2020-05-04,3047.0166,1.062934446360685
2020-05-05,3083.1052,1.0755237496355448
2020-05-06,3121.6449,1.0889681052332159
2020-05-07,3106.8065,1.083791813614431
2020-05-08,3155.6718,1.1008381961650706
2020-05-11,3202.4061,1.1171411914610445
2020-05-12,3167.2479,1.104876452945331
2020-05-13,3171.3229,1.1062979935660548
2020-05-14,3137.3799,1.0944571706729924
2020-05-15,3128.3699,1.0913140833128154
2020-05-18,3144.5995,1.0969756871552938
2020-05-19,3200.7043,1.1165475281902841
2020-05-20,3210.495,1.1199629583142892
2020-05-21,3186.8159,1.1117026386793982
2020-05-22,3021.4494,1.0540154737574532
2020-05-25,3042.77,1.061453044053945
2020-05-26,3104.8371,1.0831047996025407
2020-05-27,3082.807,1.075419724258097
2020-05-28,3056.2357,1.0661504770690324
2020-05-29,3062.5994,1.068370417694333
2020-06-01,3163.855,1.1036928590380786
2020-06-02,3190.0012,1.1128138125049667
2020-06-03,3233.4445,1.1279687611303142
2020-06-04,3250.7322,1.133999477152127
2020-06-05,3284.4464,1.1457604844638343
2020-06-08,3275.6162,1.142680119313131
2020-06-09,3303.2304,1.1523131762478038
2020-06-10,3319.4914,1.1579857338020592
2020-06-11,3258.5179,1.1367154744063035
2020-06-12,3244.455,1.1318097115608612
2020-06-15,3174.9001,1.1075458794822395
2020-06-16,3263.9165,1.1385987453744113
2020-06-17,3280.3253,1.1443228621197692
2020-06-18,3293.7236,1.148996783027412
2020-06-19,3320.0852,1.158192877561712
2020-06-22,3311.2869,1.1551236405449479
2020-06-23,3376.6874,1.1779382337635118
2020-06-24,3363.3504,1.1732856970129366
2020-06-26,3332.9969,1.1626970508212457
2020-06-29,3299.5717,1.1510368595192046
2020-06-30,3319.3128,1.1579234302057742
2020-07-02,3431.8862,1.1971940218408639
2020-07-03,3490.0853,1.2174964475438255
2020-07-06,3605.4958,1.2577567454108307
2020-07-07,3550.4565,1.2385565980031732
2020-07-08,3623.5699,1.2640617926091189
2020-07-09,3663.3143,1.2779264009640383
2020-07-10,3592.1026,1.2530846036092411
2020-07-13,3603.3659,1.2570137418849217
2020-07-14,3537.941,1.2341906368648494
2020-07-15,3554.4655,1.239955114898506
2020-07-16,3431.3249,1.1969982155217445
2020-07-17,3466.2075,1.2091668125417347
2020-07-20,3481.8616,1.2146276564756915
2020-07-21,3594.4074,1.253888620007436
2020-07-22,3497.6626,1.2201397456408587
2020-07-23,3549.423,1.2381960673942116
2020-07-24,3436.6391,1.198852044028898
2020-07-27,3412.2467,1.1903428937376235
2020-07-28,3468.5345,1.209978573283925
2020-07-29,3484.7094,1.2156210953418747
2020-07-30,3469.0118,1.2101450766798199
2020-07-31,3459.2149,1.2067274837210051
2020-08-03,3471.7979,1.211116991851206
2020-08-04,3546.2946,1.2371047428106847
2020-08-05,3575.7881,1.2473933828836463
2020-08-06,3564.3781,1.2434130691456196
2020-08-07,3500.023,1.2209631577834739
2020-08-10,3456.7108,1.2058539426490162
2020-08-11,3505.4658,1.2228618476707072
2020-08-12,3523.8319,1.2292687574116337
2020-08-13,3517.2125,1.2269596172926596
2020-08-14,3525.0526,1.2296945916780675
2020-08-17,3546.994,1.2373487245309631
2020-08-18,3579.0275,1.2485234291871488
2020-08-19,3550.659,1.2386272389788042
2020-08-20,3518.5545,1.2274277663756072
2020-08-21,3563.1497,1.24298454877789
2020-08-24,3649.8647,1.273234584342569
2020-08-25,3630.5303,1.2664898886426124
2020-08-26,3633.2211,1.2674285589499117
2020-08-27,3643.9861,1.2711838680988912
2020-08-28,3643.1245,1.270883303829243
2020-08-31,3591.4691,1.2528636107299211
2020-09-01,3620.5901,1.2630223062921537
2020-09-02,3632.4223,1.2671499021038173
2020-09-03,3595.4984,1.2542692091650334
2020-09-04,3551.5214,1.2389280823239115
2020-09-07,3510.4271,1.2245925690158843
2020-09-08,3501.7571,1.2215680887259024
2020-09-09,3472.3404,1.2113062398970322
2020-09-10,3461.7656,1.2076172809384973
2020-09-11,3501.6382,1.2215266111357665
2020-09-14,3536.0789,1.2335410538489353
2020-09-15,3555.2363,1.2402240041035255
2020-09-16,3567.3523,1.2444506019343697
2020-09-17,3517.058,1.2269057208445855
2020-09-18,3538.5777,1.2344127460460064
2020-09-21,3475.4183,1.212379947842192
2020-09-22,3441.1612,1.2004295529469287
2020-09-23,3454.4764,1.2050744848912383
2020-09-24,3384.0044,1.1804907276829808
2020-09-25,3359.2378,1.1718510398456266
2020-09-28,3395.6937,1.1845684736407298
2020-09-29,3371.1156,1.175994542958469
2020-09-30,3407.4882,1.1886829180213745
2020-10-05,3450.2143,1.2035876754974746
2020-10-06,3501.4243,1.221451993334841
2020-10-07,3534.2695,1.2329098549289017
2020-10-08,3540.9688,1.2352468677093715
2020-10-09,3538.7439,1.2344707239726727
2020-10-12,3614.7858,1.2609975091817571
2020-10-13,3614.6315,1.2609436825025477
2020-10-14,3626.1193,1.2649511363289896
2020-10-15,3546.1489,1.2370539161926628
2020-10-16,3574.5538,1.2469628043344048
2020-10-19,3580.5241,1.2490455096026027
2020-10-20,3593.0602,1.253418656934003
2020-10-21,3618.7623,1.2623846886365566
2020-10-22,3618.7667,1.2623862235515826
2020-10-23,3617.6646,1.2620017622219877
2020-10-27,3620.6368,1.2630385973220897
2020-10-28,3636.8304,1.2686876427689
2020-10-29,3651.8018,1.2739103306827908
2020-10-30,3579.6233,1.2487312706354499
2020-11-02,3631.979,1.2669952594149418
2020-11-03,3678.1202,1.2830913551422896
2020-11-04,3696.5337,1.2895148001041787
2020-11-05,3834.8647,1.33777078430181
2020-11-06,3828.6786,1.3356127984284702
2020-11-09,3877.2081,1.3525420390550755
2020-11-10,3849.1242,1.342745129941371
2020-11-11,3776.6204,1.317452590835399
2020-11-12,3814.431,1.330642604036366
2020-11-13,3848.0956,1.3423863086695977
2020-11-16,3885.9297,1.3555845197121812
2020-11-17,3862.9828,1.3475796238913988
2020-11-18,3887.6771,1.3561940902841203
2020-11-19,3852.8151,1.3440326794572064
2020-11-20,3883.324,1.3546755360568632
2020-11-23,3890.6257,1.3572226926581734
2020-11-24,3884.9385,1.3552387452181291
2020-11-25,3853.0935,1.344129797717037
2020-11-26,3900.8566,1.3607916840536491
2020-11-27,3918.0307,1.3667827713602436
2020-11-30,3828.8757,1.3356815556447512
2020-12-01,3873.478,1.3512408148417352
2020-12-02,3847.5979,1.3422126888494912
2020-12-03,3873.4406,1.3512277680640137
2020-12-04,3887.1375,1.3560058538868338
2020-12-07,3843.3408,1.340727623677348
2020-12-08,3826.181,1.334741524844588
2020-12-09,3840.0285,1.3395721466226183
2020-12-10,3823.3462,1.333752620954618
2020-12-11,3846.6068,1.3418669492398716
2020-12-14,3826.1024,1.3347141056807135
2020-12-15,3803.7362,1.3269117837589384
2020-12-16,3847.1596,1.3420597903822362
2020-12-17,3886.4393,1.3557622907797444
2020-12-18,3872.5664,1.350922808355882
2020-12-21,3850.7635,1.3433169904418747
2020-12-22,3819.6912,1.332477594950018
2020-12-23,3854.5388,1.3446339824186646
2020-12-24,3854.2319,1.344526922095597
2020-12-28,3819.4057,1.332377999895486
2020-12-29,3851.6388,1.3436223338787632
2020-12-30,3945.7669,1.3764583873024572
2020-12-31,3978.7391,1.3879605521256793
2021-01-04,4013.9769,1.4002530586495916
2021-01-05,4051.5008,1.4133430581828377
2021-01-06,4083.2778,1.4244282842698908
2021-01-07,4048.7549,1.4123851665532805
2021-01-08,4101.9874,1.430955022036147
2021-01-11,4113.0443,1.4348121588433325
2021-01-12,4160.3054,1.4512989253292445
2021-01-13,4156.7714,1.4500661094878609
2021-01-14,4211.6234,1.4692009183536139
2021-01-15,4228.479,1.4750808987429813
2021-01-18,4300.376,1.5001617591130871
2021-01-19,4399.1433,1.5346161711251645
2021-01-20,4473.9283,1.5607044939032824
2021-01-21,4472.22,1.5601085631444158
2021-01-22,4430.9019,1.5456949784766538
2021-01-25,4580.3413,1.597826064964162
2021-01-26,4443.8935,1.5502270243976837
2021-01-27,4398.7325,1.5344728658768225
2021-01-28,4275.1838,1.491373603131394
2021-01-29,4245.626,1.4810625323683928
2021-02-01,4362.6516,1.5218862487032585
2021-02-02,4432.7434,1.5463373752994916
2021-02-03,4465.4688,1.5577534453435247
2021-02-04,4425.6233,1.5438535688274386
2021-02-05,4438.2534,1.5482595075253045
2021-02-08,4454.8099,1.5540351485773327
2021-02-09,4487.2333,1.5653458676354863
2021-02-10,4575.2948,1.596065622082571
2021-02-11,4600.875,1.6049891296620165
2021-02-16,4671.0492,1.629469001030556
2021-02-17,4730.8517,1.6503307637227858
2021-02-18,4634.778,1.6168159987821147
2021-02-19,4642.4544,1.6194938673516666
2021-02-22,4547.927,1.5865185203893575
2021-02-23,4567.4136,1.5933163101954426
2021-02-24,4412.1355,1.5391484263527886
2021-02-25,4481.3744,1.5633020236249933
2021-02-26,4300.8905,1.5003412395178386
2021-03-01,4415.7125,1.5403962425001085
2021-03-02,4369.9914,1.524446696273317
2021-03-03,4481.1613,1.5632276848995268
2021-03-04,4329.4224,1.5102944308887416
2021-03-05,4295.348,1.498407769851492
2021-03-08,4162.6457,1.4521153257009451
2021-03-09,4176.5509,1.4569660757964762
2021-03-10,4224.5031,1.473693928594776
2021-03-11,4340.6204,1.5142007896300582
2021-03-12,4250.7245,1.482841115154837
2021-03-15,4229.8181,1.4755480361773892
2021-03-16,4281.2029,1.4934733320026086
2021-03-17,4289.1301,1.4962386907286458
2021-03-18,4333.5927,1.5117492163735526
2021-03-19,4263.881,1.4874306855049113
2021-03-22,4265.8422,1.488114838993344
2021-03-23,4193.2641,1.4627963807540914
2021-03-24,4098.8198,1.4298500227551152
2021-03-25,4088.5259,1.426259054167221
2021-03-26,4169.9796,1.4546737150894913
2021-03-29,4165.3092,1.453044472558196
2021-03-30,4204.2564,1.4666309822179397
2021-03-31,4175.8109,1.4567079309966393
2021-04-01,4297.9127,1.4993024508895214
2021-04-07,4255.4902,1.4845036025502194
2021-04-08,4279.5027,1.4928802268827668
2021-04-09,4233.8558,1.4769565649048237
2021-04-12,4172.0272,1.4553880087275268
2021-04-13,4157.4985,1.4503197541959167
2021-04-14,4220.1784,1.4721852815463234
2021-04-15,4209.4343,1.4684372632437177
2021-04-16,4251.0771,1.4829641176635162
2021-04-19,4281.2952,1.493505530333723
2021-04-20,4287.1797,1.4955583047589132
2021-04-21,4220.0793,1.472150711073805
2021-04-22,4248.4374,1.4820432733011786
2021-04-23,4297.8289,1.4992732177351618
2021-04-26,4273.0068,1.4906141690378196
2021-04-27,4277.0192,1.4920138720038545
2021-04-28,4289.412,1.4963370299436107
2021-04-29,4316.5751,1.5058127232036802
2021-04-30,4244.914,1.4808141552096306
2021-05-03,4207.9671,1.4679254388513923
2021-05-04,4234.1512,1.4770596135181642
2021-05-05,4203.248,1.466279207601513
2021-05-06,4220.1817,1.472186432732593
2021-05-07,4195.7052,1.4636479446336614
2021-05-10,4195.2696,1.4634959880460816
2021-05-11,4116.7882,1.4361181971083457
2021-05-12,4146.2705,1.446402930124877
2021-05-13,4061.7337,1.4169127472669618
2021-05-14,4107.1469,1.4327548843263616
2021-05-17,4160.5961,1.4514003343742614
2021-05-18,4219.6148,1.4719886728852587
2021-05-20,4209.733,1.4685414630433276
2021-05-21,4204.1978,1.4666105399405471
2021-05-24,4195.3692,1.4635307329407625
2021-05-25,4279.389,1.4928405632831163
2021-05-26,4314.6787,1.5051511748274495
2021-05-27,4308.5142,1.50300072399151
2021-05-28,4290.7359,1.4967988649442918
2021-05-31,4332.0969,1.5112274150335576
2021-06-01,4370.358,1.5245745826025336
2021-06-02,4351.6488,1.518047984374007
2021-06-03,4298.7371,1.499590038150313
2021-06-04,4281.005,1.4934042957108684
2021-06-07,4260.6344,1.486298127522275
2021-06-08,4255.4176,1.4844782764522892
2021-06-09,4257.9157,1.4853497244583336
2021-06-10,4254.335,1.4841006175870144
2021-06-11,4267.2409,1.4886027675494682
2021-06-15,4231.3319,1.4760761167152177
2021-06-16,4182.2257,1.4589456975669015
2021-06-17,4203.4283,1.4663421042331488
2021-06-18,4232.2596,1.476399739594689
2021-06-21,4190.2396,1.4617413010958384
2021-06-22,4163.8018,1.4525186246240418
2021-06-23,4234.4861,1.4771764414823065
2021-06-24,4243.0251,1.4801552231658306
2021-06-25,4306.9976,1.5024716666895739
2021-06-28,4301.2539,1.5004680095452179
2021-06-29,4262.3234,1.486887325585687
2021-06-30,4236.3487,1.4778261989203825
2021-07-02,4160.9932,1.4515388604553632
2021-07-05,4118.4499,1.4366978717217092
2021-07-06,4103.5365,1.4314954167786167
2021-07-07,4095.0933,1.4285500543813416
2021-07-08,3969.8037,1.3848434885520804
2021-07-09,4011.0416,1.399229095905049
2021-07-12,4041.7304,1.409934709598612
2021-07-13,4105.1741,1.4320666842437693
2021-07-14,4084.0745,1.4247062085429045
2021-07-15,4119.6193,1.4371058102743166
2021-07-16,4116.552,1.4360358000789921
2021-07-19,4045.3469,1.4111963050967342
2021-07-20,4000.6245,1.3955951496964252
2021-07-21,3989.2681,1.3916335340141703
2021-07-22,4051.3418,1.4132875919353052
2021-07-23,3982.2738,1.3891936121580897
2021-07-26,3791.6418,1.3226927209654948
2021-07-27,3584.3017,1.250363303921338
2021-07-28,3656.0381,1.2753881398929927
2021-07-29,3799.6744,1.3254948478832929
2021-07-30,3751.3498,1.3086370854586964
2021-08-02,3790.4813,1.3222878871273722
2021-08-03,3763.6405,1.3129246263929615
2021-08-04,3806.528,1.3278856873429719
2021-08-05,3753.5735,1.3094128105822065
2021-08-06,3754.5768,1.30976280609258
2021-08-09,3787.4307,1.3212237026322606
2021-08-10,3861.73,1.3471425917221613
2021-08-11,3866.3606,1.3487579502493574
2021-08-12,3840.6782,1.3397987907799886
2021-08-13,3822.0094,1.3332862858621557
2021-08-16,3782.0652,1.3193519784112806
2021-08-17,3711.849,1.294857455581129
2021-08-18,3737.8964,1.3039439432287956
2021-08-19,3660.7578,1.2770345804494663
2021-08-20,3590.236,1.2524334507938684
2021-08-23,3651.3864,1.273765420750558
2021-08-24,3759.2291,1.3113857345416091
2021-08-25,3770.5019,1.3153181868383688
2021-08-26,3730.899,1.3015029399553102
2021-08-27,3737.1608,1.3036873333439847
2021-08-30,3762.337,1.3124699078164919
2021-08-31,3820.8613,1.332885777693652
2021-09-01,3847.9984,1.3423524010012948
2021-09-02,3861.3503,1.347010135532299
2021-09-03,3846.7219,1.341907101221576
2021-09-06,3891.7845,1.3576269334609452
2021-09-07,3922.7042,1.368413095308944
2021-09-08,3919.2139,1.3671955239645237
2021-09-09,3822.1334,1.3333295425583447
2021-09-10,3884.2157,1.3549866005406668
2021-09-13,3833.9423,1.3374490102972565
2021-09-14,3785.4783,1.32054261897388
2021-09-15,3707.6325,1.2933865534885445
2021-09-16,3649.7695,1.2732013743629143
2021-09-17,3704.2241,1.2921975524942682
2021-09-20,3588.3198,1.2517649953000205
2021-09-21,3606.5928,1.258139427634373
2021-09-23,3657.0239,1.2757320306276945
2021-09-24,3611.2663,1.2597697515830728
2021-09-27,3607.5377,1.2584690506362186
2021-09-28,3647.3172,1.272345903426914
2021-09-29,3651.4049,1.273771874370554
2021-09-30,3657.3427,1.2758432421982189
2021-10-04,3590.0472,1.2523675889854775
2021-10-05,3592.2881,1.2531493142313623
2021-10-06,3561.9519,1.2425667030464784
2021-10-07,3667.6661,1.279444501693674
2021-10-08,3668.7193,1.2798119045358205
2021-10-11,3720.3156,1.2978109809355878
2021-10-12,3673.6812,1.281542835187592
2021-10-13,3673.6812,1.281542835187592
2021-10-15,3730.6544,1.3014176126336343
2021-10-18,3742.5336,1.3055616041285307
2021-10-19,3795.879,1.3241708441355884
2021-10-20,3829.0286,1.3357348939419067
2021-10-21,3812.1138,1.3298342619685521
2021-10-22,3835.3299,1.3379330666813833
2021-10-25,3828.9566,1.335709777150571
2021-10-26,3814.6762,1.3307281406646363
2021-10-27,3745.9175,1.3067420584368663
2021-10-28,3726.8508,1.3000907483624724
2021-10-29,3706.2814,1.2929152299222473
2021-11-01,3667.2269,1.2792912892665276
2021-11-02,3642.9291,1.2708151396483132
2021-11-03,3643.5592,1.2710349464569313
2021-11-04,3670.6757,1.2804943835714973
2021-11-05,3617.8159,1.2620545423682246
2021-11-08,3608.5083,1.258807638937194
2021-11-09,3619.3232,1.2625803554179464
2021-11-10,3658.4459,1.2762280872565703
2021-11-11,3689.7135,1.2871356120449247
2021-11-12,3712.1903,1.2949765161489457
2021-11-15,3719.8755,1.2976574545485497
2021-11-16,3773.4626,1.3163510102287435
2021-11-17,3776.3967,1.317374554360097
2021-11-18,3728.1388,1.3005400598519183
2021-11-19,3728.0151,1.3004969078090267
2021-11-22,3709.6919,1.294104963489604
2021-11-23,3673.1505,1.28135770350479
2021-11-24,3674.2997,1.2817585954020503
2021-11-25,3686.8127,1.2861236844295638
2021-11-26,3594.2196,1.2538231070433692
2021-11-29,3560.2323,1.2419668303467493
2021-11-30,3511.2858,1.2248921216369923
2021-12-01,3538.2026,1.2342818945400351
2021-12-02,3563.4456,1.2430877718133926
2021-12-03,3558.1808,1.2412511762158498
2021-12-06,3485.7135,1.2159713699277075
2021-12-07,3567.2158,1.2444029846841294
2021-12-08,3584.8215,1.2505446332010073
2021-12-09,3634.299,1.2678045782468632
2021-12-10,3588.376,1.2517846003510351
2021-12-13,3579.5306,1.2486989327666054
2021-12-14,3528.1597,1.230778485877491
2021-12-15,3482.2524,1.214763984837551
2021-12-16,3501.5764,1.221505052556537
2021-12-17,3451.999,1.204210257962703
2021-12-20,3377.3598,1.1781727966870394
2021-12-21,3427.0899,1.195520859809164
2021-12-22,3442.1645,1.200779548457302
2021-12-23,3474.7367,1.2121421755508828
2021-12-24,3473.6683,1.21176947027501
2021-12-28,3470.0288,1.2104998513574334
2021-12-29,3437.1647,1.1990353966056468
2021-12-30,3437.8699,1.1992814016230051
2021-12-31,3480.1239,1.2140214696936957
2022-01-03,3471.8114,1.2111217012495812
2022-01-04,3454.0286,1.2049182724029046
2022-01-05,3383.2411,1.1802244548103924
2022-01-06,3389.6684,1.182466581934706
2022-01-07,3434.4624,1.1980927145886207
2022-01-10,3489.3775,1.2172495355312247
2022-01-11,3498.2832,1.2203562384283977
2022-01-12,3587.2033,1.2513755106121582
2022-01-13,3579.8859,1.2488228771549597
2022-01-14,3575.1544,1.2471723202354614
2022-01-17,3542.658,1.235836135541648
2022-01-18,3534.7575,1.2330800909590645
2022-01-19,3542.3175,1.2357173540492907
2022-01-20,3641.783,1.2704153291684577
2022-01-21,3655.4963,1.2751991360381931
2022-01-24,3622.4383,1.2636670403719628
2022-01-25,3560.2793,1.2419832260299821
2022-01-26,3563.4418,1.243086446204961
2022-01-27,3494.5221,1.2190442000410102
2022-01-28,3446.896,1.2024301053768003
2022-01-31,3490.7218,1.2177184869561175
2022-02-04,3585.5285,1.2507912661381488
2022-02-07,3593.5827,1.2536009280933473
2022-02-08,3564.7109,1.2435291645366813
2022-02-09,3626.7122,1.2651579661287509
2022-02-10,3648.2561,1.2726734333628154
2022-02-11,3634.1386,1.267748623617277
2022-02-14,3582.3597,1.2496858482439281
2022-02-15,3561.2957,1.2423377914010014
2022-02-16,3608.9355,1.2589566652324513
2022-02-17,3624.7774,1.2644830221304746
2022-02-18,3563.9758,1.2432727290740324
2022-02-21,3528.7964,1.231000595058648
2022-02-22,3452.5616,1.2044065177794439
2022-02-23,3466.7105,1.2093422812367591
2022-02-24,3359.6132,1.1719819960048952
2022-02-25,3350.187,1.168693719637026
2022-02-28,3341.9205,1.1658099980318204
2022-03-01,3364.2993,1.1736167153920791
2022-03-02,3295.7307,1.149696948470321
2022-03-03,3306.3754,1.153410291647111
2022-03-04,3221.7154,1.1238771311684659
2022-03-07,3098.3897,1.0808556607073125
2022-03-08,3035.2071,1.0588147693151788
2022-03-09,3014.7678,1.0516846355215197
2022-03-10,3055.8794,1.0660261838363538
2022-03-11,3002.9317,1.0475556792169924
2022-03-14,2827.8358,0.9864744683281097
2022-03-15,2653.3016,0.9255892032960764
2022-03-16,2909.5622,1.0149842590975633
2022-03-17,3106.3554,1.0836344499398278
2022-03-18,3103.3083,1.0825714863998506
2022-03-21,3060.1286,1.0675084931383367
2022-03-22,3138.9414,1.095001891085081
2022-03-23,3162.0474,1.103062288037828
2022-03-24,3131.1276,1.092276091305397
2022-03-25,3050.3386,1.0640933072053587
2022-03-28,3084.4564,1.0759951080862742
2022-03-29,3121.9021,1.0890578279933754
2022-03-30,3177.5288,1.1084628865570119
2022-03-31,3139.5867,1.0952270003274251
2022-04-01,3157.9578,1.1016356542899723
2022-04-04,3230.5355,1.1269539729914957
2022-04-06,3178.2549,1.1087161824207437
2022-04-07,3130.5914,1.0920890409788124
2022-04-08,3142.6709,1.0963029059918268
2022-04-11,3039.3739,1.0602683338448553
2022-04-12,3063.321,1.0686221437586063
2022-04-13,3076.733,1.0733008438334894
2022-04-14,3117.3635,1.087474563143997
2022-04-19,3045.6597,1.0624610994973083
2022-04-20,3026.9321,1.0559280825332182
2022-04-21,2978.4512,1.0390157957407642
2022-04-22,2976.218,1.0382367565961752
2022-04-25,2858.0087,0.9970001132348675
2022-04-26,2866.9787,1.0001292468220806
2022-04-27,2878.6252,1.0041920622427578
2022-04-28,2924.6075,1.0202327266070055
2022-04-29,3030.8405,1.0572915056895462
2022-05-03,3037.7106,1.0596881010805732
2022-05-04,2998.4054,1.0459767051528004
2022-05-05,2984.6081,1.0411635953598402
2022-05-06,2872.7634,1.002147206583725
2022-05-10,2826.3019,0.9859393760193667
2022-05-11,2863.8305,0.9990310151209363
2022-05-12,2808.4461,0.9797104815370304
2022-05-13,2883.6276,1.0059371210896555
2022-05-16,2885.0829,1.0064447942345243
2022-05-17,2971.3654,1.036543954629028
2022-05-18,2979.5515,1.0393996291505758
2022-05-19,2912.3445,1.015954848660518
2022-05-20,2990.0529,1.0430629829357216
2022-05-23,2958.8171,1.0321665513968739
2022-05-24,2902.1018,1.012381740902018
2022-05-25,2912.5862,1.016039164333654
2022-05-26,2910.9828,1.0154798273443857
2022-05-27,2964.6326,1.0341952555637006
2022-05-30,3016.8172,1.0523995570793385
2022-05-31,3074.9486,1.0726783660215582
2022-06-01,3063.4928,1.0686820752134873
2022-06-02,3039.4509,1.0602951948578112
2022-06-06,3110.8567,1.085204702895917
2022-06-07,3096.7753,1.080292486430479
2022-06-08,3163.6979,1.1036380555947618
2022-06-09,3138.9116,1.0949914955242226
2022-06-10,3135.1436,1.0936770501109987
2022-06-13,3039.563,1.0603343003065435
2022-06-14,3042.0995,1.0612191439346332
2022-06-15,3068.2013,1.0703246087135312
2022-06-16,3001.424,1.0470297266295407
2022-06-17,3028.0168,1.0563064739715737
2022-06-20,3053.4443,1.0651767130227283
2022-06-21,3110.9163,1.0852254940176338
2022-06-22,3041.4937,1.061007814043091
2022-06-23,3076.7079,1.0732920878409542
2022-06-24,3139.7762,1.095293106326843
2022-06-27,3194.5557,1.1144026239790983
2022-06-28,3220.8275,1.123567392293094
2022-06-29,3160.0675,1.1023716111605346
2022-06-30,3145.3529,1.0972385064690737
2022-07-04,3131.6496,1.0924581880425794
2022-07-05,3130.8489,1.0921788683922693
2022-07-06,3096.1354,1.080069260947485
2022-07-07,3102.4491,1.0822717593565803
2022-07-08,3109.5736,1.0847571007436594
2022-07-11,3033.9381,1.0583720858678907
2022-07-12,2999.4224,1.0463314798304142
2022-07-13,2989.864,1.0429970862428986
2022-07-14,2981.3527,1.040027967547152
2022-07-15,2920.1139,1.0186651597522116
2022-07-18,2992.8,1.0440212931784678
2022-07-19,2970.7612,1.0363331828884044
2022-07-20,2996.4647,1.0452997029730118
2022-07-21,2954.8515,1.030783174345207
2022-07-22,2955.8638,1.0311363094544974
2022-07-25,2943.4794,1.0268160818070637
2022-07-26,2980.6431,1.0397804276147677
2022-07-27,2946.2984,1.0277994739567131
2022-07-28,2947.9228,1.0283661366767876
2022-07-29,2880.58,1.0048739831275162
2022-08-01,2879.5025,1.0044981033682943
2022-08-02,2812.7203,0.9812015119471157
2022-08-03,2817.3557,0.9828185449270674
2022-08-04,2865.5063,0.9996156084392698
2022-08-05,2883.5924,1.0059248417694473
2022-08-08,2867.2643,1.0002288767610445
2022-08-09,2862.053,0.9984109443348413
2022-08-10,2805.7946,0.9787855208116687
2022-08-11,2872.1374,1.0019288300368359
2022-08-12,2884.1623,1.006123648149754
2022-08-15,2862.3182,0.9985034578495938
2022-08-16,2843.6558,0.9919931855354351
2022-08-17,2854.118,0.995642864623076
2022-08-18,2837.9742,0.9900111916236058
2022-08-19,2844.5689,0.9923117152877746
2022-08-22,2831.149,0.9876302593427312
2022-08-23,2809.6368,0.9801258504737411
2022-08-24,2770.1351,0.9663459066362818
2022-08-25,2852.8192,0.9951897856149298
2022-08-26,2875.2123,1.0030014914490233
2022-08-29,2852.2403,0.994987839635706
2022-08-30,2838.6312,0.9902403823445421
2022-08-31,2845.8077,0.9927438636364745
2022-09-01,2802.5963,0.9776698120098868
2022-09-02,2780.9943,0.970134076920592
2022-09-05,2750.5645,0.9595188139069719
2022-09-06,2751.1199,0.9597125620445793
2022-09-07,2732.6102,0.9532555582587114
2022-09-08,2699.3736,0.9416611589961962
2022-09-09,2767.5569,0.9654465161998769
2022-09-13,2761.7118,0.9634074862410565
2022-09-14,2705.5889,0.9438293311238
2022-09-15,2711.3236,0.9458298486692391
2022-09-16,2676.6038,0.9337180435052128
2022-09-19,2648.2967,0.9238432723383683
2022-09-20,2673.063,0.9324828555224254
2022-09-21,2628.2782,0.9168599322362924
2022-09-22,2591.2967,0.90395914586444
2022-09-23,2555.1535,0.891350795689484
2022-09-26,2545.56,0.8880041576661923
2022-09-27,2554.647,0.8911741060393255
2022-09-28,2470.4287,0.8617950300986371
2022-09-29,2442.9221,0.8521995088132378
2022-09-30,2442.9114,0.8521957761789699
2022-10-03,2425.1249,0.845991056608294
2022-10-05,2556.6688,0.8918793994937989
2022-10-06,2544.9106,0.8877776181621193
2022-10-07,2499.4155,0.8719069107525751
2022-10-10,2425.832,0.846237724429868
2022-10-11,2379.0346,0.8299127170570432
2022-10-12,2365.9353,0.8253431006023076
2022-10-13,2328.5315,0.8122949972723862
2022-10-14,2365.3935,0.8251540967475081
2022-10-17,2370.2986,0.8268652130416706
2022-10-18,2415.5884,0.8426643027114762
2022-10-19,2360.7832,0.8235458197600913
2022-10-20,2329.8594,0.8127582276503639
2022-10-21,2327.7474,0.8120214684378563
2022-10-24,2184.4444,0.7620310302607799
2022-10-25,2183.3225,0.7616396618135677
2022-10-26,2218.0314,0.7737476645744611
2022-10-27,2223.3064,0.7755878183841097
2022-10-28,2138.563,0.7460255642888345
2022-10-31,2109.6308,0.7359327305349925
2022-11-01,2220.1967,0.7745030171894436
2022-11-02,2276.5214,0.7941515690913045
2022-11-03,2219.8119,0.7743687818935284
2022-11-04,2329.8071,0.8127399830922133
2022-11-07,2399.083,0.83690648760441
2022-11-08,2394.6387,0.8353561187747945
2022-11-09,2369.4518,0.8265698116680192
2022-11-10,2329.2932,0.8125607119940562
2022-11-11,2497.4293,0.8712140361560397
2022-11-14,2548.3333,0.88897160763023
2022-11-15,2644.1534,0.9223979056503083
2022-11-16,2633.3955,0.9186450732960297
2022-11-17,2604.023,0.9083986433862848
2022-11-18,2584.2613,0.9015048865066387
2022-11-21,2547.4693,0.8886702061342042
2022-11-22,2516.688,0.8779323243406616
2022-11-23,2525.9106,0.8811495760041431
2022-11-24,2548.7107,0.8891032614781469
2022-11-25,2534.9268,0.8842948261991297
2022-11-28,2504.766,0.8737734023086936
2022-11-29,2623.423,0.9151662232739025
2022-11-30,2681.8962,0.935564267206101
2022-12-01,2695.2476,0.9402218273149432
2022-12-02,2682.4462,0.935756131584358
2022-12-05,2795.9516,0.9753518461295129
2022-12-06,2790.1961,0.9733440726221323
2022-12-07,2707.2931,0.9444238316209379
2022-12-08,2803.5921,0.9780171911878295
2022-12-09,2868.3264,1.0005993843176755
2022-12-12,2806.9096,0.9791744822330446
2022-12-13,2826.0817,0.9858625604991991
2022-12-14,2838.2105,0.9900936235373917
2022-12-15,2797.9377,0.9760446858416159
2022-12-16,2810.0702,0.9802770396038077
2022-12-19,2784.581,0.9713852768578559
2022-12-20,2743.6102,0.9570928458238555
2022-12-21,2758.1608,0.9621687400461633
2022-12-22,2824.7475,0.9853971324019793
2022-12-23,2814.0037,0.9816492187526709
2022-12-28,2858.5681,0.9971952567497713
2022-12-29,2847.0052,0.9931616047145891
2022-12-30,2850.8301,0.9944958993698546
2023-01-03,2906.7473,1.014002297209643
2023-01-04,2982.8631,1.0405548620142788
2023-01-05,2994.567,1.0446377010991597
2023-01-06,2980.9345,1.0398820808508116
2023-01-09,3030.0435,1.0570134767632353
2023-01-10,3023.1849,1.0546208930819356
2023-01-11,3032.3814,1.0578290399085581
2023-01-12,3035.1276,1.0587870361914125
2023-01-13,3074.5433,1.0725369794169988
2023-01-16,3076.5091,1.0732227375893224
2023-01-17,3049.8862,1.063935490033134
2023-01-18,3067.1886,1.069971334066511
2023-01-19,3070.0155,1.0709574820863206
2023-01-20,3122.656,1.0893208217293175
2023-01-26,3200.9314,1.1166267507362881
2023-01-27,3222.6099,1.1241891724163768
2023-01-30,3130.8144,1.0921668332630878
2023-01-31,3100.4074,1.0815595239000573
2023-02-01,3141.8716,1.0960240747235706
2023-02-02,3125.6871,1.0903782037601093
2023-02-03,3091.3302,1.0783929942013002
2023-02-06,3023.3995,1.0546957550738882
2023-02-07,3032.3337,1.0578124000342983
2023-02-08,3031.9009,1.057661420210826
2023-02-09,3076.2859,1.0731448755361823
2023-02-10,3018.3335,1.0529285097279775
2023-02-13,3025.4586,1.0554140604216509
2023-02-14,3017.2332,1.0525446763181658
2023-02-15,2974.0303,1.0374735898683327
2023-02-16,2991.8026,1.0436733558496065
2023-02-17,2957.7884,1.031807695240668
2023-02-20,2993.8249,1.0443788237262421
2023-02-21,2951.1838,1.0295037180176907
2023-02-22,2933.2003,1.0232302761151664
2023-02-23,2920.2066,1.018697497621056
2023-02-24,2881.881,1.0053278295931756
2023-02-27,2866.0233,0.9997959609548315
2023-02-28,2846.3816,0.992944065394078
2023-03-01,2969.0499,1.0357362055965653
2023-03-02,2954.6945,1.0307284057863226
2023-03-03,2978.2029,1.0389291776950893
2023-03-06,2980.5874,1.0397609969859152
2023-03-07,2957.6518,1.0317600431059955
2023-03-08,2894.2068,1.0096276149632168
2023-03-09,2865.3142,0.9995485954446093
2023-03-10,2792.498,0.9741470773717873
2023-03-13,2848.7188,0.9937593843483737
2023-03-14,2786.8103,0.972162955509581
2023-03-15,2829.6828,0.98711878379473
2023-03-16,2781.7597,0.9704010823662612
2023-03-17,2831.948,0.9879089859576903
2023-03-20,2757.0465,0.9617800228158141
2023-03-21,2803.0941,0.9778434667144257
2023-03-22,2838.8425,0.9903140931502254
2023-03-23,2902.812,1.0126294901409965
2023-03-24,2883.1665,1.0057762689718113
2023-03-27,2828.6127,0.9867454854835063
2023-03-28,2863.66,0.9989715371636765
2023-03-29,2896.6248,1.0104711205389003
2023-03-30,2906.902,1.014056263426582
2023-03-31,2906.5781,1.0139432727500046
2023-04-03,2914.2018,1.0166027572236762
2023-04-04,2903.3751,1.0128259243798996
2023-04-06,2907.6257,1.014308722063936
2023-04-11,2934.0343,1.023521212281469
2023-04-12,2912.9415,1.016163108722008
2023-04-13,2929.728,1.02201898396858
2023-04-14,2946.9331,1.0280208854492219
2023-04-17,2991.7204,1.0436446808461652
2023-04-18,2971.8655,1.0367184116755124
2023-04-19,2937.4463,1.0247114691153119
2023-04-20,2937.0627,1.0245776524325856
2023-04-21,2893.2204,1.0092835149219206
2023-04-24,2880.9756,1.0050119859421318
2023-04-25,2832.0091,0.9879303003458931
2023-04-26,2858.1725,0.9970572539351559
2023-04-27,2872.3981,1.0020197737521297
2023-04-28,2883.0492,1.0057353495325938
2023-05-02,2885.1119,1.0064549107199232
2023-05-03,2856.0704,0.9963239482814568
2023-05-04,2891.0943,1.0085418370044432
2023-05-05,2904.5602,1.0132393397883952
2023-05-08,2934.8617,1.0238098460752327
2023-05-09,2874.8304,1.0028682678016478
2023-05-10,2862.4781,0.998559238057018
2023-05-11,2856.2365,0.9963818913236905
2023-05-12,2823.4722,0.9849522512354496
2023-05-15,2871.9376,1.00185913094088
2023-05-16,2871.9037,1.0018473051182926
2023-05-17,2810.0434,0.9802676905759217
2023-05-18,2824.5499,0.9853282007635364
2023-05-19,2797.0781,0.9757448192606161
2023-05-22,2829.7168,0.9871306445017495
2023-05-23,2797.8834,0.9760257435948171
2023-05-24,2752.7368,0.9602766084322232
2023-05-25,2699.6136,0.9417448816339813
2023-05-29,2667.0273,0.9303773358354309
2023-05-30,2673.8653,0.932762733323654
2023-05-31,2624.3828,0.9155010440561775
2023-06-01,2622.764,0.914936334864318
2023-06-02,2720.397,0.9489950527595643
2023-06-05,2739.5987,0.9556934568177122
2023-06-06,2730.9424,0.9526737556949707
2023-06-07,2749.2126,0.9590472112652157
2023-06-08,2755.849,0.9613622817376997
2023-06-09,2768.962,0.9659366773596754
2023-06-12,2767.9931,0.9655986820940511
2023-06-13,2779.8396,0.9697312663795491
2023-06-14,2767.3859,0.9653868638204551
2023-06-15,2816.5013,0.9825204923365529
2023-06-16,2847.1918,0.993226699065467
2023-06-19,2828.6795,0.9867687882843564
2023-06-20,2783.5438,0.9710234555248952
2023-06-21,2733.6054,0.9536027281300598
2023-06-23,2678.4508,0.934362358971833
2023-06-26,2674.1611,0.9328659214747239
2023-06-27,2721.8908,0.949516156410911
2023-06-28,2727.4621,0.9514596727937916
2023-06-29,2699.3216,0.9416430190913428
2023-06-30,2702.5694,0.9427759956871677
2023-07-03,2756.8653,0.9617168122242865
2023-07-04,2770.0987,0.9663332087028844
2023-07-05,2727.4626,0.9514598472159536
2023-07-06,2653.5592,0.9256790655939657
2023-07-07,2625.2081,0.9157889452768605
2023-07-10,2634.5253,0.9190391976134024
2023-07-11,2659.6042,0.9277878295331745
2023-07-12,2682.1922,0.9356675251260357
2023-07-13,2743.9022,0.9571947083664939
2023-07-14,2752.3831,0.9601532221947875
2023-07-17,2752.3642,0.9601466290370619
2023-07-18,2702.5613,0.9427731700481425
2023-07-19,2693.2154,0.939512905879499
2023-07-20,2687.5717,0.9375441331675531
2023-07-21,2703.8741,0.9432311328768264
2023-07-24,2653.0718,0.9255090388703975
2023-07-25,2755.2128,0.9611403469787045
2023-07-26,2748.4601,0.9587847059113275
2023-07-27,2785.9929,0.9718778101590584
2023-07-28,2833.6645,0.9885077772400148
2023-07-31,2851.8242,0.9948426855124464
2023-08-01,2838.6809,0.9902577199074502
2023-08-02,2768.5487,0.9657925000005232
2023-08-03,2764.2233,0.9642836087610438
2023-08-04,2780.8992,0.9701009018253697
2023-08-07,2768.4862,0.9657706972302667
2023-08-08,2725.7049,0.9508466835474761
2023-08-09,2734.9889,0.9540853542524576
2023-08-10,2734.504,0.9539161996396995
2023-08-11,2701.5103,0.9424065346635092
2023-08-14,2666.4753,0.9301847737685255
2023-08-15,2644.3016,0.9224496043791404
2023-08-16,2610.4014,0.9106237120231498
2023-08-17,2615.2703,0.9123222001527799
2023-08-18,2566.4349,0.8952862480474312
2023-08-21,2517.4145,0.878185759742123
2023-08-22,2541.1374,0.88646135875841
2023-08-23,2541.8724,0.8867177593366266
2023-08-24,2590.9257,0.9038297246201974
2023-08-25,2562.8561,0.8940378039803276
2023-08-28,2584.7335,0.9016696107964806
2023-08-29,2635.191,0.9192714232799584
2023-08-30,2630.2973,0.9175642838110908
2023-08-31,2614.5083,0.9120563807778126
2023-09-01,2610.5224,0.9106659221863663
2023-09-04,2673.8711,0.9327647566207338
2023-09-05,2623.4006,0.9151584091610426
2023-09-06,2620.9554,0.9143054150197435
2023-09-07,2587.278,0.9025572451791632
2023-09-08,2586.3363,0.9022287384791545
2023-09-11,2589.8762,0.9034636125020503
2023-09-12,2582.8504,0.9010127020497603
2023-09-13,2578.437,0.8994731125097597
2023-09-14,2586.1716,0.9021712838189746
2023-09-15,2605.3679,0.9088678041177723
2023-09-18,2578.808,0.8996025337540023
2023-09-19,2586.662,0.9023423570755151
2023-09-20,2567.8486,0.8957794092684168
2023-09-21,2534.0898,0.8840028434998547
2023-09-22,2580.6049,0.9002293721199848
2023-09-25,2535.5892,0.884525900679416
2023-09-26,2498.4308,0.8715634037466299
2023-09-27,2517.5504,0.8782331676857689
2023-09-28,2489.2065,0.8683455590477972
2023-09-29,2540.5369,0.8862518777417856
2023-10-03,2474.885,0.8633495850601418
2023-10-04,2453.068,0.8557388484411648
2023-10-05,2456.7131,0.8570104208869562
2023-10-06,2496.0446,0.870730991420453
2023-10-09,2501.7224,0.8727116597238507
2023-10-10,2514.4632,0.877156215488395
2023-10-11,2547.0147,0.8885116215044665
2023-10-12,2593.5439,0.9047430688295666
2023-10-13,2541.1803,0.8864763241799141
2023-10-16,2512.2791,0.8763943046001195
2023-10-17,2526.6032,0.8813911855830175
2023-10-18,2514.0408,0.8770088636458935
2023-10-19,2457.1731,0.857170889276044
2023-10-20,2439.3232,0.8509440529752199
2023-10-24,2418.5102,0.8436835560576433
2023-10-25,2429.7543,0.8476059965223012
2023-10-26,2415.7999,0.8427380832860242
2023-10-27,2463.0033,0.8592047214544352
2023-10-30,2468.3056,0.8610543987141319
2023-10-31,2429.9959,0.8476902773110047
2023-11-01,2425.8078,0.8462292823972247
2023-11-02,2438.5259,0.8506659193956119
2023-11-03,2497.9926,0.8714105401638075
2023-11-06,2549.3005,0.8893090098605033
2023-11-07,2511.7471,0.876208719419696
2023-11-08,2498.1287,0.8714580178763182
2023-11-09,2487.0138,0.8675806480983345
2023-11-10,2450.0902,0.8547000598128478
2023-11-13,2479.9387,0.8651125396208662
2023-11-14,2479.9626,0.8651208770002122
2023-11-15,2566.7631,0.895400738754602
2023-11-16,2538.4808,0.8855346189269953
2023-11-17,2503.5783,0.8733590799049553
2023-11-20,2551.3862,0.8900365944672871
2023-11-21,2542.1494,0.8868143892144031
2023-11-22,2536.5327,0.8848550352992084
2023-11-23,2566.3412,0.8952535613342625
2023-11-24,2521.026,0.8794456110186246
2023-11-27,2515.5734,0.8775435024570153
2023-11-28,2496.4099,0.8708584242520481
2023-11-29,2448.7325,0.8542264338740118
2023-11-30,2458.7767,0.8577302960341772
2023-12-01,2431.3566,0.848164949782813
2023-12-04,2407.3251,0.8397816974081076
2023-12-05,2362.5894,0.824175902378288
2023-12-06,2384.2075,0.8317172538612008
2023-12-07,2367.1253,0.8257582253479914
2023-12-08,2357.8493,0.8225223453976026
2023-12-11,2347.5515,0.8189300163168444
2023-12-12,2370.6237,0.8269786223314368
2023-12-13,2344.6911,0.8179321820121773
2023-12-14,2368.2056,0.8261350818713209
2023-12-15,2414.8385,0.8424027043528306
2023-12-18,2386.4741,0.8325079444062149
2023-12-19,2369.5669,0.8266099636497236
2023-12-20,2381.0465,0.830614556952708
2023-12-21,2380.982,0.8305920564938033
2023-12-22,2331.7132,0.813404915258388
2023-12-27,2368.5863,0.8262678869055073
2023-12-28,2426.7567,0.8465603007763669
2023-12-29,2433.4149,0.8488829760551163
2024-01-02,2402.8448,0.8382187701828243
2024-01-03,2388.8926,0.8333516244040605
2024-01-04,2384.166,0.8317027768217505
2024-01-05,2367.5073,0.8258914838797992
2024-01-08,2324.9249,0.8110368553330727
2024-01-09,2323.8634,0.8106665570830364
2024-01-10,2312.8068,0.8068095249291479
2024-01-11,2336.3895,0.8150362159711956
2024-01-12,2329.1427,0.8125082109232785
2024-01-15,2328.8578,0.8124088251753414
2024-01-16,2282.5983,0.7962714611644521
2024-01-17,2196.5936,0.7662692097231844
2024-01-18,2210.7896,0.7712214037481648
2024-01-19,2192.3591,0.764792028432766
2024-01-22,2132.3244,0.7438492640884792
2024-01-23,2184.789,0.7621512420148663
2024-01-24,2255.0329,0.7866554278327956
2024-01-25,2300.1295,0.8023871207791843
2024-01-26,2263.1366,0.7894823575820371
2024-01-29,2274.6569,0.7935011488490126
2024-01-30,2220.5467,0.7746251127028799
2024-01-31,2191.3666,0.7644458004410927
2024-02-01,2199.9996,0.7674573734910826
2024-02-02,2197.7622,0.7666768692003323
2024-02-05,2190.1164,0.7640096752670978
2024-02-06,2269.7093,0.7917752066710756
2024-02-07,2270.1074,0.7919140815965013
2024-02-08,2257.5049,0.7875177710019806
2024-02-09,2236.2155,0.7800910846484007
2024-02-14,2246.1194,0.7835460039498945
2024-02-15,2249.7569,0.7848149251788228
2024-02-16,2310.6983,0.8060739866717747
2024-02-19,2288.9997,0.7985045532207714
2024-02-20,2304.9377,0.804064434058341
2024-02-21,2339.5952,0.8161545062209757
2024-02-22,2372.3448,0.8275790182976521
2024-02-23,2371.7652,0.8273768281274014
2024-02-26,2358.8061,0.8228561196469052
2024-02-27,2376.3031,0.8289598487857531
2024-02-28,2338.8463,0.8158932567066542
2024-02-29,2345.1341,0.8180867200477554
2024-03-01,2353.5071,0.8210075935734781
2024-03-04,2356.5292,0.8220618360053529
2024-03-05,2301.8786,0.8029972843864746
2024-03-06,2335.027,0.8145609155796038
2024-03-07,2309.5524,0.8056742459607839
2024-03-08,2329.6079,0.8126704933028517
2024-03-11,2359.5881,0.8231289159083547
2024-03-12,2424.0168,0.8456045022127544
2024-03-13,2424.6007,0.8458081924135987
2024-03-14,2410.6674,0.8409476397925603
2024-03-15,2382.4687,0.8311106833504487
2024-03-18,2393.6102,0.8349973323874536
2024-03-19,2359.8611,0.8232241504088351
2024-03-20,2366.8101,0.8256482696170339
2024-03-21,2402.2918,0.8380258592715949
2024-03-22,2353.9271,0.8211541081896019
2024-03-25,2350.5446,0.8199741422633201
2024-03-26,2368.0951,0.8260965345735074
2024-03-27,2346.0569,0.8184086335900386
2024-03-28,2361.1715,0.8236812760111409
2024-04-02,2410.0173,0.8407208560974604
2024-04-03,2388.0243,0.833048722877441
2024-04-05,2379.8798,0.8302075602797759
2024-04-08,2385.0135,0.8319984223864286
2024-04-09,2402.017,0.8379299968513311
2024-04-10,2435.3632,0.849562629451768
2024-04-11,2429.7017,0.8475876473108532
2024-04-12,2385.369,0.8321224365436477
2024-04-15,2369.6776,0.826648580716402
2024-04-16,2322.3181,0.8101274879489984
2024-04-17,2327.3585,0.8118858028802122
2024-04-18,2347.5295,0.8189223417417141
2024-04-19,2327.4074,0.8119028613676609
2024-04-22,2364.8504,0.8249646393950871
2024-04-23,2403.8612,0.8385733355538436
2024-04-24,2454.5327,0.8562498007226799
2024-04-25,2462.9965,0.8592023493130314
2024-04-26,2512.9739,0.8766366816365068
2024-04-29,2530.2894,0.8826770955305298
2024-04-30,2530.4995,0.8827503877230239
2024-05-02,2591.2655,0.903948261921528
2024-05-03,2618.7403,0.9135326899574207
2024-05-06,2636.5582,0.9197483632398734
2024-05-07,2628.5857,0.9169672018659544
2024-05-08,2603.7708,0.9083106648477457
2024-05-09,2642.9008,0.9219609432499355
2024-05-10,2701.0916,0.942260473545007
2024-05-13,2721.3271,0.9493195128654135
2024-05-14,2715.9937,0.9474589865472373
2024-05-16,2767.9036,0.9655674605270438
2024-05-17,2778.7179,0.9693399677012017
2024-05-20,2792.2722,0.9740683083234045
2024-05-21,2730.2698,0.9524391230025784
2024-05-22,2737.5306,0.9549720118710328
2024-05-23,2700.5245,0.9420626439288076
2024-05-24,2660.6719,0.9281602906180202
2024-05-27,2693.5439,0.9396275012399672
2024-05-28,2692.8704,0.939392554587683
2024-05-29,2648.9676,0.9240773119954097
2024-05-30,2614.7824,0.9121519990070495
2024-05-31,2594.4129,0.9050462145472129
2024-06-03,2635.627,0.9194235194052678
2024-06-04,2646.347,0.9231631305596628
2024-06-05,2636.7962,0.9198313881890103
2024-06-06,2642.599,0.921855662032921
2024-06-07,2629.8192,0.9173975013397365
2024-06-11,2594.8081,0.9051840778240989
2024-06-12,2569.9687,0.8965189941199497
2024-06-13,2596.9226,0.9059217091474168
2024-06-14,2584.3254,0.9015272474278139
2024-06-17,2579.034,0.8996813725712499
2024-06-18,2578.7548,0.89958397523596
2024-06-19,2642.8568,0.921945594099675
2024-06-20,2626.5503,0.916257164128673
2024-06-21,2587.9974,0.9028082037859237
2024-06-24,2583.457,0.9012243110167618
2024-06-25,2590.402,0.9036470348476642
2024-06-26,2589.6852,0.9033969832361464
2024-06-27,2538.0102,0.885370452788072
2024-06-28,2540.7771,0.8863356701484353
2024-07-02,2542.6702,0.8869960673383966
2024-07-03,2569.3288,0.8962957686369556
2024-07-04,2573.4801,0.8977439260796087
2024-07-05,2544.7446,0.8877197100043179
2024-07-08,2506.8846,0.8745124638937403
2024-07-09,2511.6572,0.8761773583149591
2024-07-10,2496.156,0.8707698526781581
2024-07-11,2543.22,0.8871878619477889
2024-07-12,2597.9706,0.9062872979990778
2024-07-15,2561.8456,0.8936852967908205
2024-07-16,2524.1744,0.8805439124886337
2024-07-17,2516.9501,0.8780237564380092
2024-07-18,2525.7419,0.8810907259666668
2024-07-19,2477.3854,0.8642218354081315
2024-07-22,2508.4346,0.8750531725961015
2024-07-23,2480.5104,0.8653119739209565
2024-07-24,2456.6759,0.8569974438780996
2024-07-25,2409.2454,0.8404515831636844
2024-07-26,2417.7087,0.843403957331874
2024-07-29,2436.352,0.8499075667194421
2024-07-30,2403.4662,0.8384355420458226
2024-07-31,2460.0281,0.858166839821361
2024-08-01,2454.2893,0.8561648920141929
2024-08-02,2407.7574,0.8399325028094177
2024-08-05,2367.3879,0.8258498318675012
2024-08-06,2367.1812,0.8257777257457087
2024-08-07,2399.8115,0.8371606206945197
2024-08-08,2401.4155,0.8377201669903825
2024-08-09,2424.4098,0.8457415980321272
2024-08-12,2429.5219,0.8475249251013794
2024-08-13,2439.2082,0.850903935877948
2024-08-14,2426.9433,0.8466253951272448
2024-08-15,2429.5852,0.8475470069470952
2024-08-16,2462.8239,0.8591421387826909
2024-08-19,2477.7091,0.8643347563158439
2024-08-20,2468.3267,0.8610617593293705
2024-08-21,2457.1524,0.8571636681985351
2024-08-22,2483.6073,0.8663923099082742
2024-08-23,2477.1387,0.864135775513375
2024-08-26,2504.3058,0.8736128641507409
2024-08-27,2520.0779,0.8791148717149417
2024-08-28,2491.2999,0.8690758297558766
2024-08-29,2501.4801,0.8726271347441202
2024-08-30,2524.5146,0.8806625893276939
2024-09-02,2491.6877,0.8692111115847642
2024-09-03,2484.4581,0.8666891066592217
2024-09-04,2455.192,0.8564797937855616
2024-09-05,2457.5048,0.8572866009383494
2024-09-06,2456.3191,0.8568729762232593
2024-09-09,2422.5034,0.8450765612126554
2024-09-10,2414.5135,0.8422893299474968
2024-09-11,2398.6662,0.8367610892901234
2024-09-12,2410.6709,0.8409488607476948
2024-09-13,2430.4268,0.8478405943302612
2024-09-17,2468.0898,0.8609791181089903
2024-09-19,2517.0887,0.8780721062613299
2024-09-20,2546.9553,0.8884909001516147
2024-09-23,2542.4767,0.8869285659616826
2024-09-24,2644.5642,0.92254121089865
2024-09-25,2659.6324,0.9277976669431142
2024-09-26,2779.5127,0.9696172291699996
2024-09-27,2877.0726,1.003650446545154
2024-09-30,2967.0977,1.0350551917070494
2024-10-02,3144.0708,1.09679125316114
2024-10-03,3089.4301,1.0777301551010703
2024-10-04,3181.5753,1.1098744851144986
2024-10-07,3253.3006,1.1348954489141556
2024-10-08,2939.7956,1.0255310090859295
2024-10-09,2888.3835,1.0075961898106618
2024-10-10,2965.458,1.0344831916688162
2024-10-14,2939.1416,1.0253028648979654
2024-10-15,2832.1855,0.987991836484665
2024-10-16,2833.2783,0.9883730535620459
2024-10-17,2800.0515,0.976782072973907
2024-10-18,2903.0284,1.0127049800527328
2024-10-21,2859.4357,0.9974979140853639
2024-10-22,2866.1566,0.9998424619032346
2024-10-23,2900.3293,1.0117634143375436
2024-10-24,2860.1442,0.9977450702889917
2024-10-25,2873.5392,1.002417840010365
2024-10-28,2876.1929,1.0033435681932397
2024-10-29,2882.4272,1.0055183683630013
2024-10-30,2839.947,0.9906993917061983
2024-10-31,2826.2916,0.9859357829228285
2024-11-01,2854.5,0.9957761231548838
2024-11-04,2868.4367,1.0006378618466243
2024-11-05,2933.5978,1.0233689417339977
2024-11-06,2876.3109,1.0033847318234839
2024-11-07,2934.447,1.0236651803340269
2024-11-08,2903.8992,1.0130087536901624
2024-11-11,2865.5418,0.9996279924127754
2024-11-12,2788.2311,0.9726585935252678
2024-11-13,2784.7824,0.9714555341047304
2024-11-14,2733.964,0.9537278237046835
2024-11-15,2730.5946,0.9525524276390473
2024-11-18,2746.5815,0.9581293669640656
2024-11-19,2759.8433,0.9627556706214682
2024-11-20,2773.0542,0.9673642181027738
2024-11-21,2754.648,0.9609433197044507
2024-11-22,2696.9505,0.9408158743144598
2024-11-25,2690.6363,0.9386132014832024
2024-11-26,2689.0048,0.9380440619684267
2024-11-27,2747.1411,0.9583245802478343
2024-11-28,2715.586,0.9473167627162999
2024-11-29,2726.517,0.9511299800230808
2024-12-02,2745.0683,0.9576014957328315
2024-12-03,2771.7515,0.9669097786017635
2024-12-04,2768.3936,0.9657383942458546
2024-12-05,2749.4475,0.9591291547969478
2024-12-06,2791.0648,0.9736471136864815
2024-12-09,2863.403,0.9988818841723818
2024-12-10,2837.1563,0.9897258718509212
2024-12-11,2824.8482,0.9854322610254167
2024-12-12,2857.7457,0.9969083671776282
2024-12-13,2801.2736,0.9772083956223944
2024-12-16,2776.861,0.9686921986757729
2024-12-17,2762.0238,0.963516325670177
2024-12-18,2786.8278,0.9721690602852527
2024-12-19,2774.7538,0.967957113916021
2024-12-20,2771.0877,0.9666782157394234
2024-12-23,2787.1413,0.9722784229808593
2024-12-24,2814.8654,0.9819498179067513
2024-12-27,2814.4167,0.9817932914585258
2024-12-30,2810.2529,0.9803407734618215
2024-12-31,2812.3912,0.9810867072800531
2025-01-02,2754.1643,0.9607745837048816
2025-01-03,2762.1864,0.9635730477572764
2025-01-06,2750.007,0.959324333196284
2025-01-07,2712.3165,0.9461762161986419
2025-01-08,2683.52,0.9361307206195809
2025-01-09,2683.7367,0.9362063151846143
2025-01-10,2655.477,0.9263480792387323
2025-01-13,2630.9343,0.9177864976455449
2025-01-14,2682.2813,0.9356986071553134
2025-01-15,2688.0693,0.9377177181032273
2025-01-16,2717.3617,0.9479362055826115
2025-01-17,2725.8834,0.9509089522593287
2025-01-20,2768.5692,0.9657996513091673
2025-01-21,2790.3691,0.9734044226902022
2025-01-22,2753.1569,0.9604231579327792
2025-01-23,2744.1879,0.9572943731898903
2025-01-24,2792.3267,0.9740873203390683
2025-01-27,2813.2144,0.9813738759276555
2025-01-28,2818.2564,0.983132749009788
2025-02-03,2822.2932,0.984540963777331
2025-02-05,2874.1818,1.002642007373034
2025-02-06,2914.4807,1.016700049905669
2025-02-07,2949.0104,1.028745539763683
2025-02-10,2994.5169,1.044620223998522
2025-02-11,2960.2572,1.032668922108016
2025-02-12,3041.4575,1.0609951858785585
2025-02-13,3031.1456,1.0573979380928302
2025-02-14,3146.2784,1.097561361891032
2025-02-17,3162.4359,1.1031978140577425
2025-02-18,3208.4162,1.119237780733342
2025-02-19,3205.1728,1.118106339052543
2025-02-20,3157.2157,1.1013767769170548
2025-02-21,3287.9722,1.1469904397817603
2025-02-24,3260.9621,1.1375681197032785
2025-02-25,3216.5771,1.1220846643779223
2025-02-26,3316.2429,1.1568525130152074
2025-02-27,3310.4057,1.1548162389265473
2025-02-28,3200.3841,1.1164358282377063
2025-03-03,3215.6633,1.121765890434556
2025-03-04,3211.2393,1.12022260314472
2025-03-05,3293.5415,1.1489332584759926
2025-03-06,3402.8707,1.1870721293548243
2025-03-07,3382.1214,1.179833853820693
2025-03-10,3322.6598,1.1590910121585503
2025-03-11,3324.1755,1.1596197555005947
2025-03-12,3305.9646,1.153266986398769
2025-03-13,3284.9277,1.1459283832370255
2025-03-14,3352.8215,1.169612750008878
2025-03-17,3380.5356,1.179280656491529
2025-03-18,3462.1629,1.2077558767884637
2025-03-19,3459.8652,1.20695433718497
2025-03-20,3386.2878,1.1812872788126398
2025-03-21,3313.012,1.1557254318884598
2025-03-24,3337.1935,1.1641610109117806
2025-03-25,3260.8632,1.1375336189996246
2025-03-26,3284.0429,1.1456197257790584
2025-03-27,3300.8137,1.1514701241697418
2025-03-28,3285.6754,1.146189214138158
2025-03-31,3238.829,1.1298471133934522
2025-04-01,3263.9807,1.138621141180019
2025-04-02,3266.653,1.139553357867322
2025-04-03,3213.8689,1.1211399241793838
2025-04-07,2774.119,0.9677356675390798
2025-04-08,2819.8209,0.9836785159548487
2025-04-09,2844.1077,0.9921508282854978
2025-04-10,2901.6944,1.0122396217243779
2025-04-11,2929.1573,1.0218198985128137
2025-04-14,3006.3057,1.0487326799665193
2025-04-15,3013.8977,1.0513811060751168
2025-04-16,2956.2992,1.0312881962732123
2025-04-17,3000.1275,1.04657744996334
2025-04-22,3036.3179,1.0592022655903934
2025-04-23,3109.2156,1.08463221447563
2025-04-24,3094.3001,1.0794290269594569
2025-04-25,3102.3916,1.0822517008079444
2025-04-28,3100.9187,1.0817378880029715
2025-04-29,3105.6053,1.0833727818123173
2025-04-30,3122.6046,1.0893028911310587
2025-05-02,3173.933,1.1072085121363986
2025-05-06,3194.531,1.1143940075242929
2025-05-07,3184.4268,1.1108692147046813
2025-05-08,3195.2596,1.114648175498835
2025-05-09,3207.3488,1.1188654243017933
2025-05-12,3301.0447,1.1515507072086097
2025-05-13,3251.9247,1.134415474008621
2025-05-14,3320.2837,1.1582621231600467
2025-05-15,3295.3597,1.1495675272260786
2025-05-16,3272.293,1.1415208398552688
2025-05-19,3272.0901,1.141450059341908
2025-05-20,3313.8763,1.1560269380377828
2025-05-21,3337.9266,1.1644167486857813
2025-05-22,3305.8062,1.153211729457831
2025-05-23,3312.5392,1.1555604982920233
2025-05-26,3271.9093,1.1413869882881098
2025-05-27,3287.7205,1.146902635665383
2025-05-28,3269.679,1.1406089607920609
2025-05-29,3313.9183,1.156041589499395
2025-05-30,3272.0334,1.1414302798687312
2025-06-02,3253.2901,1.1348917860487526
2025-06-03,3299.0285,1.1508473672823512
2025-06-04,3329.2961,1.1614060477466017
2025-06-05,3357.5259,1.171253853247193
2025-06-06,3347.7711,1.1678509466344231
2025-06-09,3400.2641,1.1861628317396147
2025-06-10,3404.0267,1.1874753933934885
2025-06-11,3430.4116,1.1966796160005402
2025-06-12,3396.8869,1.1849847146882506
2025-06-13,3377.446,1.178202867067777
2025-06-16,3401.2135,1.186494024540919
2025-06-17,3386.1881,1.1812524990335267
2025-06-18,3355.0531,1.1703912310025486
2025-06-19,3282.8368,1.1451989846397566
2025-06-20,3320.6124,1.1583767882893796
2025-06-23,3343.9201,1.1665075471422985
2025-06-24,3410.025,1.1895678663027616
2025-06-25,3449.7876,1.2034388236243796
2025-06-26,3429.6883,1.1964272969009158
2025-06-27,3421.2953,1.193499446488711
2025-06-30,3395.5147,1.1845060305067152
2025-07-02,3413.7711,1.1908746720252874
2025-07-03,3401.8532,1.1867171802550485
2025-07-04,3385.8378,1.181130298866793
2025-07-07,3386.7857,1.1814609684016113
2025-07-08,3420.0441,1.193062972470392
2025-07-09,3389.4019,1.182373614922332
2025-07-10,3411.0184,1.1899144082543265
2025-07-11,3426.5917,1.1953470655668954
2025-07-14,3446.1162,1.2021580765728639
2025-07-15,3502.7519,1.2219151190595212
2025-07-16,3492.135,1.2182114737549414
2025-07-17,3501.4461,1.2214595981411063
2025-07-18,3542.6948,1.2358489730127753
2025-07-21,3564.93,1.2436055963280925
2025-07-22,3583.5597,1.250104461432853
2025-07-23,3638.4603,1.2692562241327574
2025-07-24,3671.8786,1.280914008408962
2025-07-25,3634.8552,1.26799860545993
2025-07-28,3659.3055,1.27652795383757
2025-07-29,3665.2779,1.2786113916788489
2025-07-30,3618.0208,1.2621260205702334
2025-07-31,3564.4065,1.243422976324424
2025-08-01,3521.8628,1.2285818480530404
2025-08-04,3561.1976,1.2423035697728066
2025-08-05,3596.6925,1.254685764172446
2025-08-06,3606.9765,1.2582732792015316
2025-08-07,3629.6068,1.2661677309093025
2025-08-08,3600.202,1.255910033327889
2025-08-11,3611.4473,1.2598328924057356
2025-08-12,3615.8642,1.2613737029008707
2025-08-13,3706.3697,1.2929460328760658
2025-08-14,3705.5417,1.2926571897757078
2025-08-15,3692.5098,1.2881110854284166
2025-08-18,3685.3126,1.2856003830589755
2025-08-19,3677.6757,1.2829362938402253
2025-08-20,3679.7545,1.283661471421173
2025-08-21,3680.5499,1.2839389421965652
2025-08-22,3716.7026,1.2965506063926002
2025-08-25,3780.2975,1.318735326299562
2025-08-26,3745.9199,1.306742895663244
2025-08-27,3688.3277,1.2866521835805813
2025-08-28,3657.8897,1.2760340600435036
2025-08-29,3668.6242,1.2797787294405982
2025-09-01,3748.6649,1.3077004733329096
2025-09-02,3727.69,1.3003834985192604
2025-09-03,3710.1978,1.2942814438331682
2025-09-04,3659.6745,1.2766566773931645
2025-09-05,3724.5567,1.2992904645985455
2025-09-08,3759.3968,1.3114442357347613
2025-09-09,3800.8634,1.3259096237846526
2025-09-10,3829.9381,1.336052167854679
2025-09-11,3820.2954,1.3326883666906415
2025-09-12,3869.9151,1.349997917399385
2025-09-15,3877.4419,1.352623598858051
2025-09-16,3867.9152,1.3493002636356095
2025-09-17,3931.2569,1.3713966561597082
2025-09-18,3880.572,1.353715516476929
2025-09-19,3877.4831,1.352637971244204
2025-09-22,3858.5061,1.3460179525056826
2025-09-23,3833.2267,1.3371993772989277
2025-09-24,3887.9597,1.3562926736901122
2025-09-25,3881.4254,1.3540132202231194
2025-09-26,3833.0152,1.3371255967243796
2025-09-29,3913.4221,1.3651750874081778
2025-09-30,3954.1592,1.3793859935236352
2025-10-02,4013.8278,1.4002010459608676
